Name,Team,Age,IP,K/9,BB/9,K/BB,HR/9,K%,BB%,K-BB%,AVG,WHIP,BABIP,LOB%,ERA,FIP,E-F,PlayerId
"Chad Bell 채드벨","Eagles (KBO)",31,77,7.12987012987013,4.090909090909091,1.74285714,1.1688311688311688,0.17630058,0.10115607,0.07514451,0.27777778,1.5584415584415585,0.31914894,0.63963964,5.961038961038961,5.178144528029802,0.782894433009159,"10297"
"Eric Jokisch 요키시","Heroes (KBO)",30,159.2,6.482255110277092,1.4091858935384982,4.6,0.33820461444923955,0.1796875,0.0390625,0.140625,0.2364532,1.0584551822578052,0.28278689,0.73229292,2.141962558178517,3.1462870091642663,-1.0043244509857492,"11157"
"David Buchanan 뷰캐넌","Lions (KBO)",31,174.2,6.234733187536178,2.5763360279075114,2.42,0.8244275289304037,0.16620879,0.06868132,0.09752747,0.25633383,1.2709924404343724,0.29213483,0.76476283,3.4522902773960653,4.300158056410648,-0.847867779014583,"11176"
"Nick Kingham 킹험","Wyverns (KBO)",28,10.2,5.062500301748532,3.375000201165688,1.5,0.843750050291422,0.11538462,0.07692308,0.03846154,0.33333333,1.8750001117587156,0.36585366,0.48387097,6.750000402331376,4.734556938335304,2.015443463996072,"11694"
"Drew Rucinski 루친스키","Dinos (KBO)",31,183,8.21311475409836,2.80327868852459,2.92982456,0.6885245901639344,0.21688312,0.07402597,0.14285715,0.24643875,1.2568306010928962,0.30518234,0.78590786,3.0491803278688523,3.7999598711566196,-0.7507795432877673,"12499"
"Drew Gagnon 가뇽","Tigers (KBO)",30,159.2,7.94780843955713,3.6075158874585553,2.203125,0.39457205019077946,0.2008547,0.09116809,0.10968661,0.25755167,1.4154489419542249,0.32224532,0.6616341,4.340292552098574,3.6911722213324856,0.6491203307660882,"12545"
"Mike Wright 라이트","Dinos (KBO)",30,157.2,7.135307014275453,3.5961947351948282,1.98412698,0.6849894733704435,0.1795977,0.09051724,0.08908046,0.26324238,1.4397463931026915,0.3127572,0.68119891,4.680761401364697,4.3086187561671885,0.37214264519750895,"12586"
"Tyler Wilson 윌슨","Twins (KBO)",30,144.2,6.781106467610476,2.42626745171384,2.79487179,0.8087558172379467,0.17356688,0.06210191,0.11146497,0.27710843,1.3824885764751225,0.32244009,0.6691254,4.417051001838016,4.151751610870695,0.26529939096732047,"12691"
"Raúl Alcántara 알칸타라","Bears (KBO)",27,198.2,8.244966231865435,1.359060367889907,6.06666667,0.5436241471559627,0.22893082,0.03773585,0.19119497,0.23015873,1.0268456112945963,0.28825623,0.79001019,2.536912686727826,3.057753186144059,-0.520840499416233,"12790"
"Warwick Saupold 서폴드","Eagles (KBO)",30,165,5.290909090909091,2.290909090909091,2.30952381,1.0363636363636364,0.13215259,0.05722071,0.07493188,0.29896907,1.4848484848484849,0.3268206,0.6525497,4.909090909090909,4.83701898690426,0.07207192218664904,"13211"
"William Cuevas 쿠에바스","Wiz (KBO)",29,158,6.265822784810126,2.6202531645569622,2.39130435,0.9113924050632911,0.16467066,0.06886228,0.09580838,0.24796085,1.2531645569620253,0.27926078,0.687974,4.10126582278481,4.4841612960718855,-0.38289547328707574,"13331"
"Adrian Sampson 샘슨","Giants (KBO)",28,130,6.023076923076923,2.4923076923076923,2.41666667,0.9692307692307692,0.14745763,0.06101695,0.08644068,0.30474453,1.5615384615384615,0.34228188,0.64413939,5.4,4.5465760964613695,0.8534239035386308,"13339"
"Chris Flexen 플렉센","Bears (KBO)",25,116.2,10.182857364825818,2.3142857647331403,4.4,0.4628571529466281,0.27966102,0.06355932,0.2161017,0.22045455,1.088571452300403,0.3013245,0.71310116,3.008571494153083,2.7443782774477588,0.26419321670532403,"13896"
"Ben Lively 라이블리","Lions (KBO)",28,112,7.633928571428571,3.1339285714285716,2.43589744,0.8839285714285714,0.19874477,0.08158996,0.11715481,0.2295082,1.2232142857142858,0.27102804,0.71107784,4.258928571428571,4.46223543712071,-0.20330686569213885,"14932"
"Odrisamer Despaigne 데스파이네","Wiz (KBO)",33,207.2,6.58748025848145,2.9470306419522276,2.23529412,0.7800963463991191,0.16777042,0.07505519,0.09271523,0.28072289,1.449438273247746,0.32575758,0.71881607,4.333868591106217,4.276641573908564,0.05722701719765322,"16017"
"Ricardo Pinto 핀토","Wyverns (KBO)",26,162,6.222222222222222,5,1.24444444,1.0555555555555556,0.1462141,0.11749347,0.02872063,0.29774436,1.7777777777777777,0.33520599,0.65345081,6.166666666666667,5.528152544704485,0.6385141219621824,"16318"
"Seunghwan Oh 오승환","Lions (KBO)",37,47.2,7.363637345805848,2.8321682099253263,2.6,0.3776224279900435,0.19402985,0.07462687,0.11940298,0.23913043,1.2377624028562537,0.29370629,0.80756014,2.6433569959303043,3.494827841914914,-0.8514708459846099,"18719"
"Hyeon-Jong Yang 양현종","Tigers (KBO)",32,172.1,7.781431564284763,3.342359866538422,2.328125,0.678916847890617,0.1997319,0.08579088,0.11394102,0.26587888,1.415860776797526,0.32427184,0.64991334,4.700193562319656,3.9684180976192165,0.7317754647004397,"27513"
"Jake Brigham 브리검","Heroes (KBO)",32,107,8.83177570093458,3.532710280373832,2.5,0.5046728971962616,0.23026316,0.09210526,0.1381579,0.2396088,1.308411214953271,0.30872483,0.73206442,3.616822429906542,3.5999190152248493,0.016903414681692652,"2851"
"Casey Kelly 켈리","Twins (KBO)",30,173.1,6.95769251185762,2.0769231378679462,3.35,0.8307692551471785,0.19007092,0.05673759,0.13333333,0.24464832,1.1538461877044146,0.28571429,0.76352068,3.323077020588714,4.052345342974691,-0.7292683223859773,"9174"
"Dan Straily 스트레일리","Giants (KBO)",31,194.2,9.477740221297394,2.357876835542278,4.01960784,0.4623287912827997,0.26383526,0.06563707,0.19819819,0.20584145,1.0222603273919681,0.27380952,0.75520833,2.4965754729271183,2.9712862892923972,-0.4747108163652789,"9460"
"Jung-rak Shin 신정락","Eagles (KBO)",33,12,10.500004172326792,5.250002086163396,2,1.5000005960466847,0.24561404,0.12280702,0.12280702,0.3125,1.8333340618348368,0.40625,0.56603774,9.000003576280108,5.5991410268680895,3.400862549412018,"kr3012165"
"Seung-hyun Lee 이승현","Lions (KBO)",28,54.1,8.613499553083507,4.14110555436707,2.08,1.822086443921511,0.2300885,0.11061947,0.11946903,0.2238806,1.288343950247533,0.24637681,0.87912088,3.478528665668339,5.6139670132381205,-2.1354383475697816,"kr3012166"
"Jae-hak Lee 이재학","Dinos (KBO)",29,90.2,6.055147228665835,4.26838247266608,1.41860465,1.3897059213331424,0.14878049,0.10487805,0.04390244,0.29005525,1.632352986962739,0.31707317,0.65217391,6.5514707719991,5.765806928802941,0.7856638431961596,"kr3012173"
"Sung-hyun Moon 문성현","Heroes (KBO)",28,15,7.800000991821415,6.6000008392335054,1.18181818,0.600000076293955,0.20634921,0.17460317,0.03174604,0.25,1.6000002034505467,0.31578947,0.75221239,4.200000534057685,4.8491403685675945,-0.6491398345099091,"kr3012178"
"Geon-tae Kim 김건태","Dinos (KBO)",28,35,9.514287788235864,6.428572829889097,1.48,1.0285716527822555,0.23870968,0.16129032,0.07741936,0.2265625,1.5428574791733833,0.28735632,0.73412698,4.885715350715714,5.201521518863058,-0.3158061681473443,"kr3012180"
"Si-young Park 박시영","Giants (KBO)",31,30.1,6.230771059115794,6.824177826650631,0.91304348,1.4835169188370938,0.14482759,0.15862069,-0.0137931,0.26446281,1.8131873452453369,0.28421053,0.59183673,8.010991361720306,6.6476759165704475,1.3633154451498584,"kr3012194"
"Tae-yang Lee 이태양","- - -",29,56,7.232144211932359,2.571429053131505,2.8125,1.2857145265657526,0.18,0.064,0.116,0.29184549,1.500000280993378,0.33333333,0.67750678,5.464286737904448,4.676521368841777,0.7877653690626714,"kr3012211"
"Jong-hun Park 박종훈","Wyverns (KBO)",28,157.1,7.6652544850900455,4.461864551022564,1.71794872,0.8008474835168704,0.19392185,0.11287988,0.08104197,0.24703892,1.4237288595855473,0.2979684,0.68904594,4.805084901101222,4.875976401189045,-0.07089150008782319,"kr3012213"
"Chan-kyu Im 임찬규","Twins (KBO)",27,147.2,8.410835793856295,3.9616255550772403,2.12307692,0.8532731964781748,0.21528861,0.10140406,0.11388455,0.25043783,1.4085779751385743,0.30787589,0.70837642,4.083521726002694,4.301359967211728,-0.2178382412090345,"kr3012220"
"Yun-jun Song 송윤준","Eagles (KBO)",27,23,6.260871122825736,5.08695778729591,1.23076923,0.3913044451766085,0.1509434,0.12264151,0.02830189,0.25,1.565217780706434,0.29333333,0.73033708,4.3043488969426935,4.5158071144768055,-0.21145821753411198,"kr3012226"
"Hyun-ho Lee 이현호","Eagles (KBO)",27,15.1,8.804350199005968,5.869566799337313,1.5,2.347826719734925,0.2,0.13333333,0.06666667,0.28125,1.8260874486827194,0.31111111,0.72649573,6.456523479271043,7.102764354176053,-0.6462408749050095,"kr3012233"
"Hyun Yang 양현","Heroes (KBO)",27,60,4.950000944137753,2.700000514984229,1.83333333,0.6000001144409398,0.13414634,0.07317073,0.06097561,0.25777778,1.2666669082642061,0.28723404,0.76294278,3.3000006294251687,4.33247368812564,-1.0324730587004716,"kr3012238"
"Dong-yeon Kang 강동연","Dinos (KBO)",27,24,6.375001519918804,4.125000983476873,1.54545455,1.1250002682209654,0.16037736,0.10377358,0.05660378,0.28723404,1.583333710829507,0.32432432,0.63218391,6.000001430511816,5.224140606323975,0.7758608241878404,"kr3012239"
"Dae-woo Kim 김대우","Lions (KBO)",31,77.2,4.287553788461113,3.0128756351348365,1.42307692,1.0429184890851357,0.10571429,0.07428571,0.03142858,0.29874214,1.5579399651765606,0.31617647,0.68181818,5.098712613305108,5.3055064951098405,-0.20679388180473257,"kr3012247"
"Hyun-jun Lim 임현준","Lions (KBO)",31,25.1,6.394740533302515,2.4868435407287555,2.57142857,0.7105267259225017,0.16513761,0.06422018,0.10091743,0.25,1.2236849168665305,0.28947368,0.87719298,1.776316814806254,4.6605443685672805,-2.8842275537610265,"kr3012251"
"Geon-hui Hong 홍건희","- - -",27,68.2,7.86407905335567,2.8834956528970794,2.72727273,1.0485438737807562,0.2006689,0.0735786,0.1270903,0.27205882,1.3980584983743414,0.32352941,0.69042316,4.980583400458592,4.462408973966433,0.5181744264921591,"kr3012262"
"Jin-yong Seo 서진용","Wyverns (KBO)",27,61,8.262296632040673,5.01639438373898,1.64705882,1.6229511241508467,0.21212121,0.12878788,0.08333333,0.22707424,1.4098363300704324,0.25308642,0.75418994,4.131148316020337,5.745315480687241,-1.6141671646669042,"kr3012277"
"Sung-hoon Choi 최성훈","Twins (KBO)",30,33.1,6.4800017303471416,4.320001153564761,1.5,0.2700000720977976,0.16551724,0.11034483,0.05517241,0.28125,1.5600004165650527,0.33980583,0.7751938,3.5100009372713683,3.995806993866001,-0.4858060565946327,"kr3012284"
"Myung-june Yoon 윤명준","Bears (KBO)",31,41,4.390244719388026,2.8536590676022167,1.53846154,0.8780489438776051,0.10810811,0.07027027,0.03783784,0.29824561,1.5609759002268535,0.31972789,0.69023569,4.829269191326828,4.832880281508546,-0.003611090181717458,"kr3012289"
"Tae-hoon Kim 김태훈","Heroes (KBO)",28,64,5.625001005828561,3.0937505532057084,1.81818182,0.140625025145714,0.14234875,0.07829181,0.06405694,0.27559055,1.4375002570450766,0.32394366,0.65899582,4.21875075437142,3.734556904807694,0.48419384956372635,"kr3012298"
"Hyun-hee Han 한현희","Heroes (KBO)",27,135.2,7.230958773148278,2.4545456385916173,2.94594595,0.6633907131328696,0.18568995,0.06303237,0.12265758,0.2630597,1.312039410418342,0.31414868,0.64606742,4.975430348496522,3.9949223807325445,0.9805079677639772,"kr3012299"
"Won-jung Kim 김원중","Giants (KBO)",27,59.1,8.646068156901855,3.4887643440130294,2.47826087,1.2134832500914885,0.22891566,0.09236948,0.13654618,0.2300885,1.2640450521786337,0.27329193,0.72100313,3.9438205627973373,4.510188973405997,-0.5663684106086597,"kr3012308"
"Sung-min Hong 홍성민","Dinos (KBO)",30,26,4.846155268201173,2.076923686371931,2.33333333,0.6923078954573104,0.13461538,0.05769231,0.07692307,0.20833333,1.0000002934383374,0.225,0.95238095,1.0384618431859656,4.361960960139963,-3.3234991169539976,"kr3012317"
"Gi-yeong Im 임기영","Tigers (KBO)",27,127.2,7.4725850052514335,2.326370803521673,3.21212121,0.8459530194624265,0.18962433,0.05903399,0.13059034,0.29400387,1.4490861907458232,0.35087719,0.64334086,5.146214201729761,4.064109748677045,1.0821044530527164,"kr3012323"
"Seung-won Moon 문승원","Wyverns (KBO)",30,145.2,7.228833456765423,2.7803205602943932,2.6,0.8032037174183803,0.19180328,0.07377049,0.11803279,0.24329159,1.242563015835272,0.28671329,0.72867299,3.6453091790526493,4.119925901015365,-0.47461672196271554,"kr3012330"
"Sung-ho No 노성호","Lions (KBO)",30,36.1,8.422020411855117,7.183487998347011,1.17241379,0.7431194481048632,0.20481928,0.1746988,0.03012048,0.20740741,1.5688077237769333,0.25510204,0.65693431,4.458716688629179,5.2772751871258885,-0.8185584984967091,"kr3012342"
"Hyeong-beom Lee 이형범","Bears (KBO)",26,25.2,4.558442687602523,5.6103910001261825,0.8125,1.753247187539432,0.10655738,0.13114754,-0.02459016,0.28846154,1.7922082361514193,0.29069767,0.63414634,7.714287625173501,7.139184386606965,0.5751032385665358,"kr3012353"
"Deok-ju Ham 함덕주","Bears (KBO)",25,55.1,8.94578457155554,3.415663200048479,2.61904762,0.32530125714747415,0.22916667,0.0875,0.14166667,0.25114155,1.373494196844891,0.32716049,0.69672131,3.9036150857696903,3.136288732353419,0.7673263534162711,"kr3012366"
"Jong-ki Park 박종기","Bears (KBO)",25,26,6.9230774309508565,4.8461542016656,1.42857143,1.0384616146426284,0.17094017,0.11965812,0.05128205,0.29126214,1.692307816454654,0.3375,0.70351759,5.5384619447606855,5.0927300582976125,0.44573188646307305,"kr3012369"
"Sang-woo Cho 조상우","Heroes (KBO)",25,54.1,10.601227986269334,2.9815953711382503,3.55555556,0.4969325618563751,0.27586207,0.07758621,0.19827586,0.23584906,1.25153385949013,0.32413793,0.83586626,2.1533744347109587,2.982064484438995,-0.8286900497280363,"kr3012372"
"Seong-woon Jo 조성운","Heroes (KBO)",30,45,5.800000983344351,3.8000006442600918,1.52631579,1.2000002034505552,0.14427861,0.09452736,0.04975125,0.26666667,1.4888891413182817,0.28965517,0.64356436,5.400000915527499,5.360251622847622,0.03974929267987637,"kr3012373"
"Jin-hyung Park 박진형","Giants (KBO)",26,42.2,10.546878457536192,2.74218839895941,3.84615385,1.476562984055067,0.25773196,0.06701031,0.19072165,0.31638418,1.6171880301555495,0.40833333,0.7278481,5.695314367069543,4.500182188395517,1.1951321786740268,"kr3012378"
"Seung-min Koo 구승민","Giants (KBO)",30,60.1,8.651935525111314,3.8784538560843824,2.23076923,1.193370417256733,0.24369748,0.1092437,0.13445378,0.18867925,1.0939228824853386,0.21917808,0.74817518,3.580111251770199,4.609729748177477,-1.029618496407278,"kr3012379"
"Young-chang Koh 고영창","Tigers (KBO)",31,58,3.568966221440984,2.6379315549781186,1.35294118,0.4655173332314327,0.08363636,0.06181818,0.02181818,0.34782609,1.8103451847889047,0.37444934,0.60491493,6.8275875540610125,4.53304844571638,2.2945391083446323,"kr3012388"
"Jun-pyo Park 박준표","Tigers (KBO)",28,51.2,7.664517638080747,1.3935486614692267,5.5,0.52258074805096,0.21463415,0.03902439,0.17560976,0.20812183,0.9483872834998904,0.25333333,0.73660714,1.56774224415288,3.0319358026819905,-1.4641935585291104,"kr3012391"
"Jong-soo Kim 김종수","Eagles (KBO)",26,50,7.740001771545816,4.680001071167237,1.65384615,1.0800002471924395,0.18859649,0.11403509,0.0745614,0.27135678,1.6000003662110214,0.32,0.65683646,5.9400013595584165,5.095807227325523,0.8441941322328939,"kr3012399"
"Jeong-bin Kim 김정빈","Wyverns (KBO)",26,47.1,7.985917638299871,8.556340326749863,0.93333333,0.9507044807499847,0.18584071,0.19911504,-0.01327433,0.21387283,1.732394831588861,0.25396825,0.72289157,5.133804196049917,6.473554139136535,-1.339749943086618,"kr3012402"
"Jung-wook Son 손정욱","Dinos (KBO)",29,12,3.750000894069885,3.750000894069885,1,0.750000178813977,0.0862069,0.0862069,0,0.30769231,1.750000417232613,0.32608696,0.67961165,5.250001251697839,5.265807282924752,-0.015806031226913042,"kr3012407"
"Hyun-sik Jang 장현식","- - -",25,41,5.707318135204433,4.829269191326828,1.18181818,1.7560978877552103,0.12560386,0.10628019,0.01932367,0.35164835,2.0975613659298347,0.37837838,0.47557841,10.756099562500664,6.613368417704802,4.142731144795862,"kr3012411"
"Jung-ho Lim 임정호","Dinos (KBO)",30,41,8.341468071245187,4.3902463532869405,1.9,0.658536952993041,0.21714286,0.11428571,0.10285715,0.21621622,1.2682933909495606,0.27102804,0.65693431,4.609758670951288,4.588978196495614,0.020780474455674103,"kr3012412"
"Sang-min Lee 이상민","Lions (KBO)",29,14,8.357144564998743,7.0714300165373984,1.18181818,2.57142909692269,0.1884058,0.15942029,0.02898551,0.29824561,2.0000004087176477,0.325,0.81196581,6.4285727423067245,7.944379199281216,-1.5158064569744916,"kr3012413"
"Jin-woo Park 박진우","Dinos (KBO)",30,43,4.6046527967773425,2.7209311980957023,1.69230769,0.4186047997070311,0.11340206,0.06701031,0.04639175,0.26857143,1.3953493323567705,0.29801325,0.58544304,5.23255999633789,4.42278393172404,0.8097760646138497,"kr3012417"
"Se-woong Park 박세웅","Giants (KBO)",24,147.1,6.597285295625757,2.8710408230963944,2.29787234,1.2217194991899551,0.16413374,0.07142857,0.09270517,0.29353234,1.5203620434363885,0.33052632,0.72058824,4.703620071881327,4.9343589508626975,-0.2307388789813709,"kr3012427"
"Hyun-woo Jo 조현우","Wiz (KBO)",26,46.2,6.364287621829546,4.435715615214532,1.43478261,0.1928572006615014,0.16751269,0.11675127,0.05076142,0.21965318,1.307143248927954,0.26618705,0.75907591,3.085715210584022,3.9229498448664195,-0.8372346342823973,"kr3012431"
"Young-jun Lee 이영준","Heroes (KBO)",28,40,7.200002059937113,4.050001158714626,1.77777778,1.1250003218651738,0.18285714,0.10285714,0.08,0.26451613,1.4750004220010058,0.30508475,0.74074074,4.72500135183373,5.040807301998263,-0.31580595016453294,"kr3012432"
"Dong-wook Moon 문동욱","Eagles (KBO)",28,18,4.500000476837209,8.500000900692505,0.52941176,1.0000001059638242,0.10843373,0.20481928,-0.09638555,0.1875,1.6111112818306057,0.18867925,0.74468085,4.500000476837209,7.126918359450393,-2.626917882613184,"kr3012465"
"In-bok Lee 이인복","Giants (KBO)",29,45.1,4.169118816465158,2.382353609408662,1.75,0.3970589349014436,0.10552764,0.06030151,0.04522613,0.30645161,1.522059250455534,0.33742331,0.71428571,3.9705893490144364,4.023159949177317,-0.05257060016288051,"kr3012467"
"Young-kuk Hwang 황영국","Eagles (KBO)",24,19.1,7.913794404686633,6.5172424509184035,1.21428571,1.3965519537682294,0.16831683,0.13861386,0.02970297,0.34117647,2.224138296741995,0.4,0.56372549,10.241380994300348,6.257186626792738,3.9841943675076106,"kr3012481"
"Yeong-u Jo 조영우","Wyverns (KBO)",25,77,4.441558881641624,2.9220782116063315,1.52,1.4025975415710392,0.11176471,0.07352941,0.0382353,0.30670927,1.571428727130516,0.31939163,0.66854991,5.961039551676916,5.606716163774891,0.3543233879020251,"kr3012483"
"Seung-jin Lee 이승진","Bears (KBO)",25,51.1,9.46753410915867,3.8571435259535325,2.45454545,0.5259741171754817,0.23684211,0.09649123,0.14035088,0.26960784,1.5000002600930404,0.3537415,0.61497326,5.610390583205138,3.5742484342671923,2.036142148937946,"kr3012489"
"Geun-wook Lee 이건욱","Wyverns (KBO)",25,122,6.713114754098361,5.975409836065574,1.12345679,0.8114754098360656,0.16789668,0.14944649,0.01845019,0.23076923,1.5245901639344261,0.26628895,0.65118913,5.680327868852459,5.335478996839679,0.34484887201278,"kr3012490"
"Min-ho Park 박민호","Wyverns (KBO)",28,52,6.230770602029053,3.288462262182,1.89473684,0.6923078446698947,0.16744186,0.08837209,0.07906977,0.22164948,1.1923079547092632,0.25324675,0.82191781,2.4230774563446316,4.342730124603402,-1.9196526682587702,"kr3012493"
"Jae-whan Bae 배재환","Dinos (KBO)",25,43,6.906977969675813,7.32558269511071,0.94285714,0.8372094508697955,0.15789474,0.16746411,-0.00956937,0.23030303,1.6976747198193076,0.265625,0.78534031,3.9767448916315287,6.259993399098691,-2.283248507467162,"kr3012500"
"Seong-moo Hong 홍성무","Dinos (KBO)",27,15,7.200000457763701,7.800000495910676,0.92307692,1.8000001144409252,0.14634146,0.15853659,-0.01219513,0.30882353,2.2666668107774615,0.33962264,0.42207792,12.600000801086477,7.315807107289648,5.284193693796829,"kr3012502"
"Min-su Kim 김민수","Wiz (KBO)",27,103.1,5.487097044278891,2.6129033544185196,2.1,1.2193548987286424,0.13070539,0.06224066,0.06846473,0.33705357,1.7516129894435262,0.36927224,0.63482467,6.0967744936432124,5.044839199018532,1.0519352946246805,"kr3012504"
"Kwon Ju 주권","Wiz (KBO)",25,70,4.757143894117932,4.114286611129022,1.15625,0.7714287395866917,0.12585034,0.10884354,0.0170068,0.20689655,1.2285716963788051,0.22018349,0.78880407,2.700000588553421,4.987235757866754,-2.2872351693133335,"kr3012508"
"Sang-kyu Lee 이상규","Twins (KBO)",23,31,5.22580805926417,6.096776069141533,0.85714286,1.1612906798364824,0.11842105,0.13815789,-0.01973684,0.34615385,2.129032913033551,0.37962963,0.71661238,6.677421409059773,6.160968969764126,0.5164524392956471,"kr3012514"
"Won-tae Choi 최원태","Heroes (KBO)",23,110,5.4818181818181815,3.0272727272727273,1.81081081,1.309090909090909,0.14016736,0.07740586,0.0627615,0.26497696,1.3818181818181818,0.28205128,0.66617862,5.072727272727272,5.388534138419412,-0.31580686569213956,"kr3012525"
"Taek-hyeong Kim 김택형","Wyverns (KBO)",23,23,8.608697793885387,7.82608890353217,1.1,1.9565222258830426,0.19298246,0.1754386,0.01754386,0.27659574,2.0000004975693324,0.31343284,0.51282051,8.608697793885387,7.037546872281615,1.5711509216037722,"kr3012526"
"Gyu-bin Lim 임규빈","Heroes (KBO)",28,37.2,4.778761868563267,2.3893809342816335,2,2.628319027709797,0.12345679,0.0617284,0.06172839,0.30666667,1.4867259146641274,0.29411765,0.89201878,4.539823775135104,7.206072975304885,-2.666249200169781,"kr3012532"
"Joung-woo Hong 홍정우","Lions (KBO)",24,30,8.700000553131138,3.6000002288818505,2.41666667,1.5000000953674377,0.20863309,0.08633094,0.12230215,0.29365079,1.6333334371778767,0.34782609,0.62790698,6.600000419616726,5.049140296512187,1.5508601231045391,"kr3012538"
"Je-seong Bae 배제성","Wiz (KBO)",23,141.1,5.285377548699201,4.8396228156763765,1.09210526,0.76415097089627,0.13408724,0.12277868,0.01130856,0.24118738,1.4575472222651076,0.26576577,0.74016563,3.948113349630728,5.143165414823084,-1.195052065192356,"kr3012544"
"Min-woo Lee 이민우","Tigers (KBO)",27,106,5.688679654728126,3.990566324958537,1.42553191,0.9339623313732746,0.13786008,0.09670782,0.04115226,0.29792148,1.6603774779969325,0.33239437,0.57022809,6.79245331907836,5.100712640143756,1.691740678934604,"kr3012546"
"Jung-soo Park 박정수","- - -",24,33,7.909092280490577,6.545455680405995,1.20833333,1.0909092800676659,0.20138889,0.16666667,0.03472222,0.21929825,1.4848487423143228,0.25925926,0.76923077,4.63636444028758,6.061261852516692,-1.4248974122291118,"kr3012548"
"Kyeong-chan Moon 문경찬","- - -",27,52,7.6153857327073515,2.596154227059324,2.93333333,1.9038464331768379,0.19555556,0.06666667,0.12888889,0.24519231,1.269230955451225,0.26143791,0.62737643,5.019231505648027,5.5542687032350155,-0.5350371975869885,"kr3012549"
"Jun-young Lee 이준영","Tigers (KBO)",27,23.2,8.36620280185404,4.943665292004661,1.69230769,0.38028194553882005,0.19469027,0.11504425,0.07964602,0.31,1.859156178189787,0.38961039,0.70422535,5.32394723754348,3.8538352617266454,1.470111975816835,"kr3012552"
"Min-woo Kim 김민우","Eagles (KBO)",24,132.2,8.412060946521928,4.884422485077248,1.72222222,1.0175880177244268,0.20910624,0.12141653,0.08768971,0.23540856,1.4547739808949212,0.28266667,0.7150838,4.341708875624221,4.902741645405431,-0.5610327697812103,"kr3012556"
"Beom-su Kim 김범수","Eagles (KBO)",24,55,9.000001248446551,6.8727282260864575,1.30952381,1.4727274770185266,0.21235521,0.16216216,0.05019305,0.25700935,1.7636366082814454,0.30666667,0.75514874,5.236364362732539,6.097625405650543,-0.8612610429180041,"kr3012557"
"Chang-mo Koo 구창모","Dinos (KBO)",23,93.1,9.835714017712347,1.735714238419826,5.66666667,0.6749999816077101,0.29310345,0.05172414,0.24137931,0.17575758,0.81428569209819,0.23076923,0.84592145,1.735714238419826,2.8836640257738066,-1.1479497873539806,"kr3012564"
"Dae-hyun Kim 김대현","Twins (KBO)",23,32.1,7.793815659012259,6.40206286276007,1.2173913,1.670103355502627,0.17721519,0.14556962,0.03164557,0.2761194,1.8556703950029187,0.31,0.70342205,5.845361744259194,6.4230238178633785,-0.5776620736041842,"kr3012572"
"Young-ha Lee 이영하","Bears (KBO)",23,132,5.795455215391126,4.500000520186051,1.28787879,0.6136364345708252,0.14049587,0.10909091,0.03140496,0.27715356,1.621212308619217,0.31590909,0.68313953,4.5681823462494755,4.727928217930806,-0.1597458716813307,"kr3012579"
"Sang-hyun Jeon 전상현","Tigers (KBO)",24,47.2,12.083917695681391,4.153846707890478,2.90909091,0.755244855980087,0.32323232,0.11111111,0.21212121,0.19886364,1.1958043553018043,0.28703704,0.70038911,2.4545457819352827,3.3060166279198926,-0.8514708459846099,"kr3012596"
"Jae-hyeon Nam 남재현","Tigers (KBO)",23,15.2,4.595745147111075,6.319149577277729,0.72727273,0.5744681433888844,0.10126582,0.13924051,-0.03797469,0.29850746,1.9787236050061576,0.32758621,0.65359477,4.021277003722191,5.622190058118049,-1.6009130543958578,"kr3012600"
"Ju-han Kim 김주한","Wyverns (KBO)",27,46,4.30434818303881,3.9130438027625543,1.1,1.369565330966894,0.1,0.09090909,0.00909091,0.3125,1.7391305790055798,0.32515337,0.57544757,7.434783225248853,6.363633188813775,1.0711500364350774,"kr3012615"
"Sung-young Choi 최성영","Dinos (KBO)",23,60.2,4.005494673403842,5.192307909967942,0.77142857,1.9285715094166644,0.0971223,0.12589928,-0.02877698,0.27916667,1.6813187517991433,0.27,0.69124424,6.082417837391018,7.290532298652961,-1.2081144612619426,"kr3012618"
"Woo-suk Go 고우석","Twins (KBO)",21,41.2,11.01600168090846,4.104000626220799,2.68421053,0.4320000659179788,0.27868852,0.10382514,0.17486338,0.22839506,1.3440002050781563,0.32110092,0.65217391,4.104000626220799,3.2038068180847095,0.9001938081360894,"kr3012630"
"Myeong-sin Kim 김명신","Bears (KBO)",26,15.1,6.456523077700051,2.347826573709109,2.75,1.760869930281832,0.15277778,0.05555556,0.09722222,0.30769231,1.565217715806073,0.33333333,0.92105263,3.521739860563664,5.994068249051754,-2.47232838848809,"kr3012636"
"Won-joon Choi 최원준","Bears (KBO)",25,123,6.878049207116675,2.5609757686072725,2.68571429,1.097561043688831,0.17669173,0.06578947,0.11090226,0.27346939,1.3739838250623144,0.31233596,0.8,3.804878284787948,4.597107745770765,-0.7922294609828175,"kr3012637"
"Chi-guk Park 박치국","Bears (KBO)",22,71.2,8.28837326949339,4.269768047920837,1.94117647,0.6279070658707113,0.20820189,0.10725552,0.10094637,0.23381295,1.381395544915565,0.28985507,0.72164948,2.888372503005272,4.213481383326263,-1.325108880320991,"kr3012638"
"Ji-guang Choi 최지광","Lions (KBO)",22,44.1,9.135340179999252,6.293234346221706,1.4516129,0.40601511911107785,0.22613065,0.15577889,0.07035176,0.20606061,1.4661657079011143,0.27118644,0.67484663,4.872181429332934,4.372949894926636,0.49923153440629786,"kr3012642"
"Ji-hoon Jang 장지훈","Lions (KBO)",23,27.2,7.807229633306447,6.831325929143141,1.14285714,2.2771086430477134,0.16438356,0.14383562,0.02054794,0.31967213,2.16867489814068,0.35164835,0.4887218,10.08433827635416,7.672433753795108,2.411904522559052,"kr3012643"
"Dong-ho Kang 강동호","Giants (KBO)",26,11,6.545455112930221,4.909091334697666,1.33333333,2.454545667348833,0.15686275,0.11764706,0.03921569,0.28888889,1.7272728770232528,0.29411765,0.67567568,7.363637002046499,7.243079916110737,0.12055708593576142,"kr3012650"
"Seung-ho Lee 이승호","Heroes (KBO)",21,118.2,5.5365169725850345,3.0337079301835805,1.825,1.1376404738188428,0.14119923,0.07736944,0.06382979,0.27966102,1.449438233309933,0.3046875,0.67948718,5.081460783057498,5.066368696674858,0.015092086382639813,"kr3012651"
"Jin-tae Park 박진태","Tigers (KBO)",25,18.2,6.750000919614645,7.714286765273879,0.875,4.339286305466557,0.13333333,0.15238095,-0.01904762,0.37647059,2.57142892175796,0.37096774,0.63451777,13.017858916399671,11.497950810315807,1.5199081060838644,"kr3012656"
"Sang-won Park 박상원","Eagles (KBO)",25,58,8.068966578643613,3.103448684093697,2.6,1.2413794736374788,0.203125,0.078125,0.125,0.26724138,1.413793289420462,0.31395349,0.68181818,4.655173026140545,4.757186339329618,-0.10201331318907236,"kr3012657"
"Won-joon Lee 이원준","Wyverns (KBO)",21,19.1,7.913794404686633,7.448277086763889,1.0625,1.3965519537682294,0.17,0.16,0.01,0.33333333,2.275862443177855,0.390625,0.67839196,7.448277086763889,6.257186626792738,1.1910904599711518,"kr3012660"
"Rhee-hyun So 소이현","Dinos (KBO)",21,12.1,5.837838439718549,10.216217269507462,0.57142857,0.7297298049648187,0.13559322,0.23728814,-0.10169492,0.18181818,1.783783967691779,0.2,0.64814815,6.567568244683368,6.921212622194626,-0.3536443775112579,"kr3012662"
"Min Kim 김민","Wiz (KBO)",21,42.2,6.750001005828531,6.117188411532106,1.10344828,1.2656251885928496,0.15458937,0.14009662,0.01449275,0.26589595,1.7578127619345132,0.2962963,0.62849162,6.5390634743963885,6.23455727081752,0.3045062035788684,"kr3012664"
"Min-gyu Kim 김민규","Bears (KBO)",21,53.1,9.112500869035804,3.712500354051624,2.45454545,0.5062500482797668,0.23376623,0.0952381,0.13852813,0.22815534,1.2937501233816264,0.29530201,0.61946903,4.893750466704413,3.6283068764209765,1.2654435902834362,"kr3012671"
"Woo-jin An 안우진","Heroes (KBO)",20,36,10.250002172258625,4.2500009006926005,2.41176471,0.7500001589457531,0.28671329,0.11888112,0.16783217,0.15873016,1.0277779955923283,0.20731707,0.76219512,3.0000006357830125,3.738029135009399,-0.7380284992263864,"kr3012678"
"Yun-su Kim 김윤수","Lions (KBO)",20,58,6.36207022082958,4.810345776724804,1.32258065,0.9310346664628654,0.15413534,0.11654135,0.03759399,0.28205128,1.6724141230907026,0.32085561,0.71428571,4.655173332314327,5.102014075221465,-0.4468407429071384,"kr3012680"
"Chae-heung Choi 최채흥","Lions (KBO)",25,146,7.582191780821918,3.143835616438356,2.41176471,0.7397260273972602,0.1993517,0.08265802,0.11669368,0.23434705,1.2465753424657535,0.28066038,0.70847851,3.5753424657534247,4.091149331445563,-0.5158068656921384,"kr3012683"
"Seung-heon Lee 이승헌","Giants (KBO)",21,36.2,8.345455124279724,2.7000001872669697,3.09090909,0.24545456247881542,0.21656051,0.07006369,0.14649682,0.23611111,1.227272812394077,0.30275229,0.48245614,4.663636687097493,3.0794431990631335,1.5841934880343596,"kr3012687"
"Jin-wook Kim 김진욱","Eagles (KBO)",20,44.2,5.843284413819443,5.037314149844348,1.16,1.8134330939439651,0.1407767,0.12135922,0.01941748,0.28409091,1.6791047166147826,0.29710145,0.75667656,5.641791847825669,6.851628236033506,-1.2098363882078376,"kr3012694"
"Young-kyu Kim 김영규","Dinos (KBO)",20,67.2,7.31527121089207,1.8620690354997995,3.92857143,1.5960591732855425,0.18581081,0.0472973,0.13851351,0.29642857,1.4334975908212744,0.33333333,0.63260341,5.453202175392271,4.904969479477703,0.5482326959145674,"kr3012700"
"Dong-hyun Son 손동현","Wiz (KBO)",19,20.1,5.311476240232537,4.42623020019378,1.2,2.21311510009689,0.13186813,0.10989011,0.02197802,0.25925926,1.5245904022889687,0.25,0.70833333,5.311476240232537,7.007610690289455,-1.6961344500569178,"kr3012706"
"Woo-young Jung 정우영","Twins (KBO)",20,75,7.080002160645191,3.4800010620120427,2.03448276,0.36000010986331477,0.19344262,0.09508197,0.09836065,0.18113208,1.0266669799805643,0.22167488,0.7398568,3.120000952148728,4.062473699188283,-0.9424727470395551,"kr3012714"
"Young-gun Cho 조영건","Heroes (KBO)",21,44.1,4.6691734680145345,5.481203636364888,0.85185185,1.6240603367007076,0.11111111,0.13043478,-0.01932367,0.26704545,1.6691731238312828,0.26896552,0.71856287,5.278196094277299,6.921822294050568,-1.6436261997732684,"kr3012720"
"Tae-in Won 원태인","Lions (KBO)",20,140,5.014285714285714,3.6,1.39285714,1.2214285714285715,0.12460064,0.08945687,0.03514377,0.28672566,1.5571428571428572,0.30555556,0.70773931,4.885714285714286,5.472949722834996,-0.58723543712071,"kr3012723"
"Hyeon-su Kim 김현수","Tigers (KBO)",19,32.1,5.288660625758319,8.628867336763573,0.61290323,0.8350516777513135,0.11377246,0.18562874,-0.07185628,0.30597015,2.2268044740035027,0.33928571,0.67335244,7.237114540511383,6.60859085736367,0.628523683147713,"kr3012725"
"Jun-won Seo 서준원","Giants (KBO)",19,107.2,5.01548035003193,2.591331514183164,1.93548387,1.3374614266751814,0.125,0.06458333,0.06041667,0.29279279,1.4953561784354459,0.30978261,0.66155989,5.182663028366328,5.336240474222247,-0.1535774458559196,"kr3012727"
"Ki-hoon Kim 김기훈","Tigers (KBO)",20,52,6.750000495177085,5.365385008986914,1.25806452,1.3846154861901714,0.16386555,0.1302521,0.03361345,0.28292683,1.711538587096184,0.3164557,0.70175439,5.365385008986914,5.919653195883409,-0.5542681868964952,"kr3012729"
"Seung-cheol Yang 양승철","Tigers (KBO)",27,28.2,4.081396254028554,7.534885392052715,0.54166667,1.255814232008786,0.09027778,0.16666667,-0.07638889,0.35042735,2.267442363349197,0.37,0.67307692,7.848838950054912,7.248365833051586,0.6004731170033262,"kr3012732"
"Yi-hwan Kim 김이환","Eagles (KBO)",19,64.2,5.7061857914162,6.123711581032019,0.93181818,1.2525773688474584,0.13141026,0.14102564,-0.00961538,0.28409091,1.8402062579363896,0.30841121,0.66123188,6.819587897058384,6.283848211663683,0.5357396853947014,"kr3012735"
"Seung-geon Baek 백승건","Wyverns (KBO)",19,29.1,8.590909463314986,9.511364048670163,0.90322581,2.1477273658287466,0.17948718,0.19871795,-0.01923077,0.30081301,2.318181918672298,0.34090909,0.68106312,7.977273073078202,8.083988881899314,-0.10671580882111176,"kr3012741"
"Myung-gi Song 송명기","Dinos (KBO)",19,87.2,7.391635195413312,4.003802397515544,1.84615385,1.231939199235552,0.19354839,0.10483871,0.08870968,0.23564955,1.334600799171848,0.26720648,0.80234834,3.695817597706656,5.055730864736579,-1.3599132670299228,"kr3012743"
"Min-seo Bae 배민서","Dinos (KBO)",20,13.1,6.075000579357202,4.725000450611158,1.28571429,2.70000025749209,0.140625,0.109375,0.03125,0.29824561,1.8000001716613934,0.29545455,0.65217391,7.425000708103248,7.640807259082832,-0.21580655097958434,"kr3012745"
"Hyo-jun Ko 고효준","Giants (KBO)",37,15.2,6.319151115936299,6.319151115936299,1,1.7234048498008088,0.14285714,0.14285714,0,0.22222222,1.5957452312970453,0.2244898,0.75630252,5.744682832669363,7.2817656115531655,-1.5370827788838026,"kr3012882"
"Kyung-eun Noh 노경은","Giants (KBO)",36,133,5.2105263157894735,2.706766917293233,1.925,1.2857142857142858,0.13414634,0.06968641,0.06445993,0.26177024,1.3458646616541354,0.27586207,0.68211068,4.87218045112782,5.184979798022966,-0.31279934689514644,"kr3012918"
"Young-myung An 안영명","Eagles (KBO)",35,45.2,6.700730859899989,3.5474457493588174,1.88888889,1.7737228746794087,0.16915423,0.08955224,0.07960199,0.28176796,1.5109491154676444,0.30434783,0.66780822,5.912409582264696,5.902668511865665,0.009741070399031493,"kr3012957"
"Eun-beom Song 송은범","Twins (KBO)",36,56,4.500000919614707,3.0535720525956944,1.47368421,0.6428572742306725,0.11336032,0.07692308,0.03643724,0.29333333,1.5178574530446434,0.32124352,0.71601942,4.500000919614707,4.622949949089408,-0.1229490294747011,"kr3012960"
"Ju-won Oh 오주원","Heroes (KBO)",35,18.1,6.381819952342627,0,13,2.9454553626196742,0.16666667,0,0.16666667,0.28205128,1.2000003329191264,0.27118644,0.73529412,5.400001498136069,6.352171288955529,-0.9521697908194602,"kr3012989"
"Sung-hwan Yun 윤성환","Lions (KBO)",38,18.2,1.9285714942581822,5.303571609210001,0.36363636,0,0.04761905,0.13095238,-0.08333333,0.27142857,1.6071429118818186,0.28787879,0.57575758,5.785714482774546,5.337235499158201,0.4484789836163454,"kr3012993"
"Woo-ram Jung 정우람","Eagles (KBO)",35,54.1,8.779141926129293,1.9877302474255003,4.41666667,0.6625767491418334,0.23043478,0.05217391,0.17826087,0.27230047,1.2883436788868985,0.34615385,0.66282421,4.803681431278292,3.4605921365969863,1.343089294681306,"kr3013029"
"Jae-woong Shin 신재웅","Wyverns (KBO)",38,19.1,5.120691002336963,6.517243093883407,0.78571429,2.327586819244074,0.11827957,0.15053763,-0.03225806,0.32911392,2.068966061550288,0.33333333,0.60606061,9.310347276976296,7.912359746486501,1.3979875304897948,"kr3013032"
"Yu-soo Jun 전유수","Wiz (KBO)",33,45.2,5.321169068534254,4.1386870533044195,1.28571429,0.591241007614917,0.135,0.105,0.03,0.26136364,1.4671536114888684,0.29452055,0.66869301,5.1240887326626146,4.76398232621252,0.36010640645009495,"kr3013048"
"Bo-geun Lee 이보근","Wiz (KBO)",34,46.2,5.2071439922101685,2.121429033863402,2.45454545,0.38571436979334583,0.14136126,0.05759162,0.08376964,0.23595506,1.135714533280407,0.26845638,0.72796935,2.5071434036567477,3.7515212027880724,-1.2443777991313247,"kr3013049"
"Jin-sung Kim 김진성","Dinos (KBO)",35,47.1,10.647889326262817,1.9014088082612175,5.6,0.760563523304487,0.29473684,0.05263158,0.24210526,0.22777778,1.0774649913480232,0.30833333,0.77092511,2.6619723315657042,2.882003929605066,-0.22003159803936168,"kr3013091"
"Keon-kuk Kim 김건국","Giants (KBO)",32,31.2,8.81052808471039,2.5578952503997905,3.44444444,0.568421166755509,0.22302158,0.0647482,0.15827338,0.23622047,1.231579194636936,0.29787234,0.71428571,3.978948167288563,3.515806865692139,0.4631413015964241,"kr3013098"
"Se-hyun Kim 김세현","Wyverns (KBO)",32,42,7.500001362392128,4.714286570646481,1.59090909,1.5000002724784256,0.18716578,0.11764706,0.06951872,0.26829268,1.5714288568821602,0.30327869,0.68181818,5.7857153367024985,5.658664397804175,0.1270509388983232,"kr3013107"
"Won-sam Jang 장원삼","Giants (KBO)",37,34,3.9705882352941178,2.6470588235294117,1.5,1.588235294117647,0.09375,0.0625,0.03125,0.33333333,1.7352941176470589,0.34126984,0.55970149,7.676470588235294,6.074630395103903,1.601840193131391,"kr3013108"
"Sang-su Kim 김상수","Heroes (KBO)",32,51.1,8.415586500189274,3.6818190938328073,2.28571429,0.5259741562618296,0.21238938,0.09292035,0.11946903,0.25742574,1.4220782743375393,0.32450331,0.59888579,4.733767406356466,3.8080147302820446,0.9257526760744215,"kr3013115"
"Hae-soo Jin 진해수","Twins (KBO)",34,50,10.620005671694923,4.140002210999716,2.56521739,0.5400002883912673,0.25652174,0.1,0.15652174,0.26600985,1.5400008224491697,0.36170213,0.703125,4.320002307130139,3.555806887054455,0.764195420075684,"kr3013133"
"Won-sang Yoo 유원상","Wiz (KBO)",34,64,5.203125930391418,3.9375007040799925,1.32142857,1.125000201165712,0.13653137,0.10332103,0.03321034,0.21487603,1.2500002235174579,0.22335025,0.70200573,3.796875678934278,5.343932192586421,-1.547056513652143,"kr3013142"
"Kang-ryul Kim 김강률","Bears (KBO)",31,28,9.000002452306052,6.428573180218609,1.4,0.3214286590109305,0.19858156,0.14184397,0.05673759,0.30769231,2.000000544956901,0.39772727,0.64846416,3.5357152491202353,4.551521433616248,-1.0158061844960127,"kr3013163"
"Jung-hyun Baek 백정현","Lions (KBO)",32,59,7.016949152542373,2.593220338983051,2.70588235,1.9830508474576272,0.17829457,0.06589147,0.1124031,0.27916667,1.423728813559322,0.29834254,0.62874251,5.186440677966102,5.736145848742986,-0.5497051707768836,"kr3013166"
"Pill-joon Jang 장필준","Lions (KBO)",32,36,6.500000688764857,4.000000423855297,1.625,1.5000001589457364,0.15294118,0.09411765,0.05882353,0.2987013,1.722222404715475,0.32786885,0.70895522,5.750000609291989,5.571362639062222,0.1786379702297669,"kr3013192"
"Chan-heon Jeong 정찬헌","Twins (KBO)",30,110.1,6.93353506283187,2.5287010229151528,2.74193548,0.8157100073919847,0.18085106,0.06595745,0.11489361,0.26666667,1.3323263454069083,0.31176471,0.72992701,3.5075530317855343,4.104930759919683,-0.5973777281341488,"kr3013196"
"Sang-sam Hong 홍상삼","Tigers (KBO)",30,48,11.437503635884488,10.125003218651841,1.12962963,0.9375002980233186,0.26637555,0.23580786,0.03056769,0.18604651,1.7916672362223423,0.25471698,0.75609756,5.0625016093259205,5.890807620684546,-0.8283060113586256,"kr3013203"
"Chang-min Lim 임창민","Dinos (KBO)",34,37.2,10.513277175573077,5.495576705413199,1.91304348,0.9557524705066432,0.24581006,0.12849162,0.11731844,0.25324675,1.64601814365033,0.33018868,0.65068493,5.256638587786538,4.551205375407669,0.7054332123788694,"kr3013206"
"Dae-woo Kim 김대우","Giants (KBO)",35,49.1,7.844596009954815,4.743244099042446,1.65384615,0.1824324653477864,0.19907407,0.12037037,0.0787037,0.25531915,1.5000002706373547,0.32638889,0.72386059,3.101351910912369,3.738779878894989,-0.63742796798262,"kr3013215"
"Dong-hwan Choi 최동환","Twins (KBO)",30,57,6.631580278814272,1.8947372225183632,3.5,0.9473686112591816,0.18421053,0.05263158,0.13157895,0.25233645,1.1578949693167775,0.28915663,0.75503356,3.4736849079503327,4.147385939864927,-0.6737010319145944,"kr3013250"
"Hee-kwan Yoo 유희관","Bears (KBO)",34,136.1,3.696821653811789,2.574572223190353,1.43589744,0.9242054134529473,0.09003215,0.06270096,0.02733119,0.32758621,1.6797066641327376,0.34509804,0.66384181,5.017115101601714,4.95345973106339,0.06365537053832426,"kr3013257"
"Hyoun-taek Oh 오현택","Giants (KBO)",34,36,4.250001801385584,2.000000847710863,2.125,1.2500005298192893,0.11184211,0.05263158,0.05921053,0.26056338,1.2500005298192893,0.26666667,0.8,3.7500015894578675,5.210252028336065,-1.4602504388781972,"kr3013263"
"Yoon-goo Kang 강윤구","Dinos (KBO)",29,21,6.428574347983927,4.714287855188213,1.36363636,1.2857148695967855,0.14563107,0.10679612,0.03883495,0.33695652,2.0000009082616663,0.37837838,0.68783069,6.857145971182855,5.515807773953805,1.3413381972290503,"kr3013269"
"Min-je Jang 장민재","Eagles (KBO)",30,57.1,5.023256259586091,2.0406978554568496,2.46153846,0.7848837905603268,0.11985019,0.04868914,0.07116105,0.34126984,1.7267443392327189,0.37674419,0.60638298,6.75000059881881,4.3181325182649175,2.431868080553892,"kr3013300"
"Geon-wook Yeo 여건욱","Twins (KBO)",33,27.2,5.855423032329291,1.301205118295398,4.5,2.602410236590796,0.14516129,0.03225806,0.11290323,0.30769231,1.4457834647726644,0.30769231,0.59748428,7.156628150624689,6.732675074811317,0.4239530758133725,"kr3013304"
"Tae-hoon Kim 김태훈","Wyverns (KBO)",30,62,6.2419358679208985,5.661290670905001,1.1025641,1.161290394031795,0.15302491,0.13879004,0.01423487,0.25630252,1.6129033250441598,0.28342246,0.56034483,7.403226261952693,5.886774753507053,1.5164515084456403,"kr3013306"
"Oh-joon Kwon 권오준","Lions (KBO)",40,16,5.625001341104827,1.6875004023314482,3.33333333,1.6875004023314482,0.13888889,0.04166667,0.09722222,0.31884058,1.5625003725291187,0.33928571,0.33653846,8.43750201165724,5.265807282924752,3.171694728732489,"kr3013509"
"Min-ho Lee 이민호","Twins (KBO)",18,97.2,6.174061594212804,4.0546076141099014,1.52272727,0.46075086523976155,0.15437788,0.10138249,0.05299539,0.24736842,1.412969320068602,0.28896104,0.72340426,3.6860069219180924,4.4680253205209794,-0.782018398602887,"kr3014273"
"Yun-sik Kim 김윤식","Twins (KBO)",20,67.2,5.054187382070885,3.192118346571085,1.58333333,0.9310345177498998,0.12337662,0.07792208,0.04545454,0.31294964,1.640394150321252,0.34334764,0.625,6.251231762035041,5.067531061941972,1.1837007000930688,"kr3014275"
"Aaron Brooks 브룩스","Tigers (KBO)",30,151.1,7.731277792885324,1.427312823301906,5.41666667,0.23788547055031767,0.221843,0.04095563,0.18088737,0.23434705,1.0242291093138678,0.29882353,0.75459318,2.4977974407783354,2.6765997890285185,-0.17880234825018304,"kr3014280"
"Ji-seon Chae 채지선","Bears (KBO)",24,33,9.272730488423603,6.545456815357838,1.41666667,0.8181821019197297,0.21518987,0.15189873,0.06329114,0.26356589,1.7575763670868267,0.33695652,0.76530612,4.909092611518378,5.273383232778966,-0.3642906212605874,"kr3014286"
"Joo-on Kim 김주온","Wyverns (KBO)",23,31,5.225807094673291,6.387097560156245,0.81818182,1.451613081853692,0.1125,0.1375,-0.025,0.34586466,2.193548657023357,0.37272727,0.6969697,7.548388025639198,7.064194399112274,0.484193626526924,"kr3014287"
"Hyun-jun Kim 김현준","Tigers (KBO)",23,14.1,7.534885893389604,8.162793051172072,0.92307692,1.2558143155649342,0.15789474,0.17105263,-0.01315789,0.32258065,2.302326245202379,0.375,0.44871795,12.558143155649342,6.585575192628644,5.972567963020698,"kr3014288"
"Jae-woong Kim 김재웅","Heroes (KBO)",21,59.2,7.692738249873396,3.469274112688002,2.2173913,1.0558660342963484,0.19767442,0.08914729,0.10852713,0.27467811,1.4581007140282907,0.32571429,0.66919192,4.675978151883829,4.588432678310651,0.08754547357317755,"kr3014289"
"Hyeong Jun So 소형준","Wiz (KBO)",18,133,6.225563909774436,3.045112781954887,2.04444444,0.40601503759398494,0.16083916,0.07867133,0.08216783,0.2706334,1.3984962406015038,0.31914894,0.70261438,3.857142857142857,3.8691903243387555,-0.012047467195898331,"kr3014303"
"Yun Dong Heo 허윤동","Lions (KBO)",19,45,3.6,6.2,0.58064516,0.8,0.08823529,0.15196078,-0.06372549,0.25146199,1.6444444444444444,0.26174497,0.71022727,4.8,6.071362421247694,-1.2713624212476944,"kr3014316"
"Dae-kyung Yun 윤대경","Eagles (KBO)",26,51,7.411766369037935,4.411765695855914,1.68,0.5294118835027096,0.18666667,0.11111111,0.07555556,0.24365482,1.4313728702110298,0.29605263,0.8356546,1.588235650508129,4.280512919640497,-2.6922772691323678,"kr3014324"
"Jae Min Kang 강재민","Eagles (KBO)",23,49,10.469390200258418,3.3061232211342375,3.16666667,0.5510205368557063,0.28078818,0.08866995,0.19211823,0.22162162,1.2040819138698766,0.304,0.78467153,2.571429171993296,3.0872353370265895,-0.5158061650332937,"kr3014332"
"Byeong-uk Jo 조병욱","Wiz (KBO)",22,28.1,3.4941178038706076,4.129411950028899,0.84615385,1.2705882923165845,0.08396947,0.09923664,-0.01526717,0.33333333,1.8352942000128443,0.34313725,0.61181435,7.623529753899507,6.056983450325308,1.5665463035741984,"kr3014333"
"Seung Min Lee 이승민","Lions (KBO)",19,26.1,5.46835469443187,6.493671199637845,0.84210526,1.7088608420099594,0.125,0.1484375,-0.0234375,0.31192661,2.012658325033952,0.32954545,0.69565217,6.835443368039837,6.933528549712058,-0.09808518167222058,"kr3014336"
"Jin-ho Kim 김진호","Dinos (KBO)",22,10.1,6.096774381107649,6.9677421498373135,0.875,4.354838843648321,0.12962963,0.14814815,-0.01851852,0.31111111,2.1290323235614013,0.27272727,0.8125,8.709677687296642,11.064194194682562,-2.35451650738592,"kr3014341"
"Hai Young Jung 정해영","Tigers (KBO)",18,38.1,7.513045970434428,5.6347844778258205,1.33333333,0.46956537315215174,0.18604651,0.13953488,0.04651163,0.28082192,1.6956527363827703,0.34821429,0.80996885,3.2869576120650623,4.559285472696921,-1.2723278606318584,"kr3014352"
"Duk-won Seo 서덕원","Tigers (KBO)",26,11.2,4.628572059164328,3.085714706109552,1.5,3.8571433826369397,0.10714286,0.07142857,0.03571429,0.28571429,1.542857353054776,0.23684211,0.64285714,9.257144118328656,9.858664872695106,-0.6015207543664509,"kr3014354"
"Jun Yong Choi 최준용","Giants (KBO)",18,29.2,7.887642139829602,3.3370793668509853,2.36363636,0.9101125545957233,0.2,0.08461538,0.11538462,0.26495726,1.415730640482236,0.31818182,0.70351759,4.853933624510524,4.392211547895428,0.46172207661509557,"kr3014362"
"Jung Yong Yi 이정용","Twins (KBO)",24,34,8.73529607779471,3.7058831845189677,2.35714286,1.588235650508129,0.2244898,0.0952381,0.1292517,0.24427481,1.3529414800624802,0.2826087,0.83333333,3.7058831845189677,5.280513144034504,-1.5746299595155366,"kr3014366"
"Min-hyeok Shin 신민혁","Dinos (KBO)",21,42,5.571429077459888,2.785714538729944,2,2.142857337484572,0.13265306,0.06632653,0.06632653,0.31666667,1.666666818043556,0.32638889,0.77966102,5.7857148112083445,6.515807138170539,-0.7300923269621942,"kr3014368"
"Hwi Kwon 권휘","Bears (KBO)",19,13.2,6.585367079082038,3.951220247449223,1.66666667,0.6585367079082038,0.15873016,0.0952381,0.06349206,0.29090909,1.6097563971089428,0.34090909,0.7079646,5.268293663265631,4.7597095361854125,0.5085841270802183,"kr3014376"
"Jae-yeol Kim 김재열","Tigers (KBO)",24,18.1,6.381819288395845,5.890910112365395,1.08333333,1.4727275280913488,0.14130435,0.13043478,0.01086957,0.2987013,1.9090912401184152,0.32786885,0.65088757,6.872728464426294,6.67944377788837,0.19328468653792452,"kr3014394"
"Ho Nam 남호","Twins (KBO)",19,18.1,6.872727749406832,5.8909094994915705,1.16666667,0.49090912495763084,0.17073171,0.14634146,0.02439025,0.1884058,1.3636364582156413,0.22222222,0.69105691,3.9272729996610467,4.824897865579154,-0.8976248659181074,"kr3014395"
"Changmin Sim 심창민","Lions (KBO)",27,20.1,9.295085164240128,7.967215855062967,1.16666667,1.3278693091771612,0.21428571,0.18367347,0.03061224,0.23076923,1.7704924122362147,0.27777778,0.53254438,7.524592752003913,6.319086518399479,1.2055062336044333,"sa3011907"
"Kih-Yun Yang 양기현","Heroes (KBO)",21,23.1,4.62857243752015,3.8571436979334583,1.2,1.1571431093800375,0.12121212,0.1010101,0.02020202,0.27272727,1.457143174774862,0.28767123,0.81168831,3.8571436979334583,5.57295017125665,-1.715806473323192,"sa3011929"
"Seongmin Kim 김성민","Heroes (KBO)",26,23.2,7.985917638299871,4.563381507599927,1.75,1.1408453768999818,0.1875,0.10714286,0.08035714,0.28865979,1.690141299111084,0.34246575,0.6185567,6.4647904690998965,5.290455229758777,1.1743352393411195,"sa3011930"
"Joo-Hong Park 박주홍","Eagles (KBO)",20,24.2,6.932433147165778,5.837838439718549,1.1875,1.8243245124120466,0.16239316,0.13675214,0.02564102,0.2970297,1.8648650571323144,0.32467532,0.56410256,8.391892757095414,6.556347719712217,1.8355450373831976,"sa3011931"
"Kyumin Woo 우규민","Lions (KBO)",35,48,5.625000894069814,1.6875002682209441,3.33333333,0.5625000894069814,0.14285714,0.04285714,0.1,0.305,1.4583335651292109,0.34730539,0.55389222,6.187500983476795,3.703306895494466,2.484194087982329,"sa3012000"
"Jong-hyun Won 원종현","Dinos (KBO)",32,57,6.473685510271075,3.1578953708639386,2.05,0.6315790741727878,0.16734694,0.08163265,0.08571429,0.25112108,1.3333336010314407,0.29213483,0.66298343,4.263158750666317,4.147385939864927,0.11577281080139024,"sa3012035"
"Hyun-seung Lee 이현승","Bears (KBO)",36,42.1,8.92913734492461,4.464568672462305,2,0.4251970164249815,0.21538462,0.10769231,0.10769231,0.27906977,1.6299218962957622,0.359375,0.64516129,5.3149627053122686,3.775649486840739,1.5393132184715297,"sa3012039"
"Woo-chan Cha 차우찬","Twins (KBO)",33,64,7.171875,3.9375,1.82142857,1.125,0.17770035,0.09756098,0.08013937,0.27626459,1.546875,0.31818182,0.69042316,5.34375,4.953306865692139,0.39044313430786115,"sa3012041"
"Hee-soo Park 박희수","Wyverns (KBO)",36,24.2,9.486488198084892,3.648649306955728,2.6,1.4594597227822912,0.23214286,0.08928571,0.14285715,0.2745098,1.5405408184924185,0.33333333,0.67901235,5.472973960433592,4.732023301344048,0.7409506590895436,"sa3012045"
"Yongchan Lee 이용찬","Bears (KBO)",31,26.2,5.062500120699409,2.025000048279763,2.5,2.3625000563263905,0.12,0.048,0.072,0.34453782,1.7625000420212755,0.35051546,0.59139785,8.437500201165681,6.478306936323644,1.9591932648420372,"sa3012046"
"Si Hwan Chang 장시환","Eagles (KBO)",32,132.2,7.801508135887271,5.020100887440505,1.55405405,1.0175880177244268,0.1907131,0.12271973,0.06799337,0.26679463,1.60552776129854,0.31713555,0.7,5.020100887440505,5.106259248950317,-0.0861583615098116,"sa3012048"
"Sang-Hwa Lee 이상화","Wiz (KBO)",32,15,4.200000801086579,6.000001144409398,0.7,1.2000002288818796,0.10769231,0.15384615,-0.04615384,0.2,1.4000002670288596,0.19565217,0.65934066,5.400001029968458,6.315807399749858,-0.9158063697813992,"sa3012051"
"Jun Ho Ha 하준호","Wiz (KBO)",31,41.2,5.6160008569337245,5.832000889892714,0.96296296,0.2160000329589894,0.13756614,0.14285714,-0.005291,0.2375,1.5600002380371456,0.27819549,0.56402439,6.0480009228517035,4.667807041473416,1.380193881378288,"sa3012062"
"Myung-Ho Jin 진명호","Giants (KBO)",31,31.1,9.191490853734257,6.319149961942301,1.45454545,0.8617022675375865,0.21917808,0.15068493,0.06849315,0.23770492,1.627659838682108,0.29885057,0.57377049,7.180852229479888,5.015807109183493,2.165045120296395,"sa3012066"
"Young-Il Jung 정영일","Wyverns (KBO)",31,23.1,6.557144286486879,4.242858067726804,1.54545455,2.314286218760075,0.14912281,0.09649123,0.05263158,0.31,1.8000003923689472,0.32467532,0.68306011,6.557144286486879,7.2015219548285545,-0.6443776683416758,"sa356979"
"Dae-eun Rhee 이대은","Wiz (KBO)",31,29.1,4.602273525285465,3.9886370552474033,1.15384615,1.227272940076124,0.1056338,0.0915493,0.0140845,0.29032258,1.6704548351036133,0.3047619,0.64049587,5.829546465361589,6.106716405852845,-0.2771699404912562,"sa447648"
"Jae-Hoon Ha 하재훈","Wyverns (KBO)",29,13,6.923077938824865,5.538462351059891,1.25,1.3846155877649728,0.15151515,0.12121212,0.03030303,0.32758621,2.0769233816474593,0.36956522,0.5785124,7.6153857327073515,5.823499511967094,1.791886220740258,"sa502535"
"Su-Min Jung 정수민","Wyverns (KBO)",30,15.2,6.319149192613204,2.872340542096911,2.2,0,0.18032787,0.08196721,0.09836066,0.19642857,1.0212766371900128,0.24444444,0.875,1.1489362168387642,3.068998336921508,-1.920062120082744,"sa502997"
"Jae Yun Kim 김재윤","Wiz (KBO)",29,60.2,8.604397047172302,2.22527509840663,3.86666667,1.0384617125897606,0.2265625,0.05859375,0.16796875,0.25726141,1.2692309820541519,0.3125,0.80357143,3.2637368109963907,3.8454772506412693,-0.5817404396448786,"sa503670"
"Seon Gi Kim 김선기","Heroes (KBO)",28,22,4.5000015605585135,3.272728407678919,1.375,0.40909105095986487,0.11956522,0.08695652,0.0326087,0.2125,1.136364030444069,0.23529412,0.76086957,2.0454552547993243,4.7430800185717334,-2.697624763772409,"sa549629"
"Jin-Young Kim 김진영","Eagles (KBO)",28,54,9.333334651994303,3.6666671847120473,2.54545455,1.0000001412851038,0.24242424,0.0952381,0.14718614,0.23300971,1.2962964794436531,0.29166667,0.72755418,3.3333338042836798,4.275066232223422,-0.9417324279397419,"sa598556"
"Seung Song 송승준","Giants (KBO)",40,24.2,9.12162326738932,5.108109029738019,1.78571429,0.7297298613911456,0.21008403,0.11764706,0.09243697,0.29411765,1.7837841056228003,0.37333333,0.67873303,6.202703821824738,4.610401657778858,1.59230216404588,"sa75573"
"Jeong-Hyeon Yoon 윤정현","Heroes (KBO)",27,27.1,3.6219516407514947,3.2926833097740857,1.1,0.9878049929322258,0.07534247,0.06849315,0.00684932,0.40298507,2.341463686950461,0.425,0.55016181,8.890244936390031,5.4548314814479895,3.435413454942042,"sa843255"