Name,Team,Age,PA,BB%,K%,BB/K,AVG,OBP,SLG,OPS,ISO,Spd,BABIP,wSB,wRC,wRAA,wOBA,wRC+,PlayerId
"Tyler Saladino 살라디노","Lions (KBO)",30,163,0.14110429,0.25153374,0.56097561,0.28030303,0.41104294,0.47727273,0.88831567,0.1969697,4.91094518300347,0.36046512,0.7197547942050733,29.613811656988396,8.215061545527709,0.40677678329081624,138.39038029201484,"10807"
"Jared Hoying 호잉","Eagles (KBO)",31,134,0.06716418,0.25373134,0.26470588,0.19354839,0.25373134,0.32258065,0.57631199,0.12903226,4.083890571512938,0.23255814,-0.39646763156633824,8.440181687020386,-9.151428834057723,0.2653143299159719,47.97844789087069,"10882"
"Aaron Altherr 알테어","Dinos (KBO)",29,546,0.08424908,0.27289377,0.30872483,0.2780083,0.35164835,0.54149378,0.89314213,0.26348548,7.908205948640401,0.33441558,2.968583978654351,91.20191441239365,19.522665572776866,0.3893243832921894,127.23614698649963,"11270"
"Dixon Machado 마차도","Giants (KBO)",28,560,0.09642857,0.10714286,0.9,0.27983539,0.35611511,0.4218107,0.77792581,0.14197531,5.359526333023514,0.29383886,2.4868034343235195,76.91926827858687,3.4020899815440204,0.3539500836861263,104.62761229463679,"11472"
"Preston Tucker 터커","Tigers (KBO)",29,631,0.12044374,0.10618067,1.13432836,0.30627306,0.3977813,0.55719557,0.95497687,0.25092251,1.7861853178238465,0.29977629,-0.9837894076481462,122.37849609248441,39.54038983278079,0.421393287219819,147.7321266964007,"13633"
"Addison Russell 러셀","Heroes (KBO)",26,542,0.08118081,0.13653137,0.59459459,0.25409836,0.31734317,0.33606557,0.65340874,0.08196721,2.761804476590659,0.28846154,0.7540677759097889,51.55815538164141,-19.595970755853628,0.3036189606896153,72.45982514353805,"14106"
"Tyler White 화이트","Wyverns (KBO)",29,60,0.2,0.03333333,6,0.13636364,0.36666667,0.31818182,0.68484849,0.18181818,1.080357142857143,0.1,-0.005991161218844354,7.618497347994212,-0.2583431838318066,0.3415778299172719,96.72021817900232,"15564"
"ByungHo Park 박병호","Heroes (KBO)",33,383,0.14882507,0.29765013,0.5,0.22330097,0.35248042,0.44983819,0.80231861,0.22653722,1.601190455357143,0.26373626,-0.03494844044325873,54.71005120697993,4.4295524788238305,0.36049353372393633,108.80968286088893,"18497"
"Hyun Soo Kim 김현수","Twins (KBO)",32,619,0.10177706,0.08562197,1.18867925,0.3308958,0.39741519,0.52285192,0.92026711,0.19195612,2.6359790854643563,0.33194154,-0.9851207768078893,112.68056676821178,31.417828614873333,0.4072018267672046,138.66203542832827,"18718"
"Dae-Ho Lee 이대호","Giants (KBO)",38,611,0.08674304,0.11129296,0.77941176,0.29151292,0.35351882,0.45202952,0.80554834,0.1605166,1.686201131935785,0.29677419,0.14674523659050465,85.4177264942728,5.205233745177844,0.35686297016682417,106.48930555176715,"18722"
"Jose Miguel Fernandez 페르난데스","Bears (KBO)",32,668,0.08682635,0.06287425,1.38095238,0.33959044,0.40419162,0.49658703,0.90077865,0.15699659,1.8213246959638547,0.33333333,-0.5354970438056625,120.76277776429438,33.06728650996469,0.4057074432251514,137.70694027366216,"19254"
"Jae-Gyun Hwang 황재균","Wiz (KBO)",32,600,0.07833333,0.16333333,0.47959184,0.31238447,0.37018425,0.51201479,0.88219904,0.19963032,5.762898991411155,0.34741784,-0.6288822274655104,102.08014881234452,23.311743494084322,0.39301561230990156,129.59529699743732,"19369"
"Ha-Seong Kim 김하성","Heroes (KBO)",24,622,0.12057878,0.10932476,1.10294118,0.30581614,0.39741519,0.52345216,0.92086735,0.21763602,5.309276099675695,0.30365297,3.2122165474575013,115.15706495856202,33.50048477863228,0.4109006965315187,141.02606881749662,"27506"
"Jamie Romak 로맥","Wyverns (KBO)",34,586,0.1552901,0.19795222,0.78448276,0.28247423,0.39931741,0.54639175,0.94570916,0.26391752,2.4474677903852124,0.30791789,-0.18012813053792343,111.41016828595552,34.479692425121385,0.4168357345405421,144.8192891559576,"5552"
"Brandon Barnes 반즈","Eagles (KBO)",34,638,0.0846395,0.2539185,0.33333333,0.26501767,0.34169279,0.42756184,0.76925463,0.16254417,3.4623984150600533,0.33846154,-0.17912960366811603,85.02380429438476,1.2667333059680774,0.3490758705064186,101.5123896896338,"629"
"Eung-min Kim 김응민","Lions (KBO)",28,85,0.05882353,0.25882353,0.22727273,0.22368421,0.2804878,0.23684211,0.51732991,0.0131579,1.506493517857143,0.31481481,-0.007322530378587544,4.3941627383665525,-6.764694681720308,0.25185808466701975,39.37824969836695,"kr3012175"
"Hae-chang Lee 이해창","Eagles (KBO)",33,135,0.06666667,0.17037037,0.39130435,0.26890756,0.3358209,0.38655462,0.72237552,0.11764706,1.570014435522701,0.30526316,-0.9375243293470703,16.135284274189086,-1.587606922419457,0.33269352743874736,91.0420545676923,"kr3012183"
"Hoon Jung 정훈","Giants (KBO)",32,476,0.11764706,0.17857143,0.65882353,0.29512195,0.38185654,0.42682927,0.80868581,0.13170732,5.006825429969152,0.34591195,1.687469106982462,72.86442359617752,10.37482204369111,0.37268648016804884,116.60247750976144,"kr3012191"
"Tae-gon Oh 오태곤","- - -",28,258,0.0503876,0.18217054,0.27659574,0.27350427,0.33070866,0.3974359,0.72814456,0.12393163,6.339024987947393,0.32417582,0.20240495970938355,31.291742700113506,-2.578671586738379,0.3345403380281343,92.3866547220257,"kr3012193"
"Sang-ho Lee 이상호","Dinos (KBO)",31,65,0.04615385,0.07692308,0.6,0.13114754,0.171875,0.14754098,0.31941598,0.01639344,5.939581721350137,0.14285714,-0.6537467342568561,-1.8323652092186016,-10.365609118696788,0.15664716623723507,-21.47325482145572,"kr3012195"
"Kang-nam Yoo 유강남","Twins (KBO)",27,478,0.06694561,0.17573222,0.38095238,0.26107226,0.32983193,0.41491841,0.74475034,0.15384615,1.8026872494104873,0.29003021,-0.30321133870165795,59.671460185616205,-3.0807027179310786,0.3390281878019634,95.09068281412667,"kr3012221"
"Chun-woong Lee 이천웅","Twins (KBO)",31,359,0.09749304,0.12256267,0.79545455,0.25641026,0.33333333,0.33333333,0.66666666,0.07692307,4.806446898120457,0.28413284,-0.7473056435701437,37.235321825975596,-9.894440689450088,0.3138613305171999,79.00596107138963,"kr3012228"
"Young-jin Choi 최영진","Lions (KBO)",32,118,0.11016949,0.13559322,0.8125,0.2970297,0.38461538,0.35643564,0.74105102,0.05940594,2.767951483424759,0.34117647,-1.001460274856072,16.083280402416776,0.5921606898256059,0.3526904975247179,103.82258158746458,"kr3012230"
"Dong-han Kim 김동한","Giants (KBO)",32,73,0.06849315,0.10958904,0.625,0.22058824,0.2739726,0.29411765,0.56809025,0.07352941,6.489507348349923,0.25,0.14458906621439382,4.666571500186243,-4.916917813535414,0.26643370520578674,48.69386658056412,"kr3012231"
"Jin-ho Jung 정진호","Eagles (KBO)",31,326,0.08895706,0.15337423,0.58,0.27659574,0.34810127,0.35460993,0.7027112,0.07801419,3.9814047938409285,0.32758621,-1.4688535400200635,37.84583952139124,-4.951660701530133,0.32860662975008526,88.43002353936987,"kr3012232"
"Jong-wook Ko 고종욱","Wyverns (KBO)",31,288,0.04861111,0.19097222,0.25454545,0.28308824,0.31944444,0.37132353,0.69076797,0.08823529,3.4358191563118736,0.34418605,-1.2134426002739929,30.60486286978898,-7.203971682975912,0.3168973117652867,80.946327047129,"kr3012243"
"Min-ha Kim 김민하","Eagles (KBO)",31,85,0.09411765,0.18823529,0.5,0.28378378,0.36904762,0.40540541,0.77445303,0.12162163,1.526785705357143,0.35087719,-0.007988214958459139,12.116225426955722,0.957368006868862,0.36013329312914893,108.57944474803953,"kr3012256"
"Il Hor 허일","Giants (KBO)",27,95,0.08421053,0.30526316,0.27586207,0.17857143,0.25806452,0.26190476,0.51996928,0.08333333,0.654220767857143,0.25925926,-0.006324003508780152,4.70823306758854,-7.763431107802657,0.24931271037747782,37.75144199984729,"kr3012258"
"Kyung-hak Kang 강경학","Eagles (KBO)",27,238,0.14705882,0.26890756,0.546875,0.22797927,0.35193133,0.33678756,0.68871889,0.10880829,3.130727445537593,0.31496063,-0.7485081219347194,27.827945531074057,-3.4168552451691525,0.32959895840018605,89.06424377726505,"kr3012267"
"Jun-hyeok Oh 오준혁","Wyverns (KBO)",28,161,0.06832298,0.21118012,0.32352941,0.27027027,0.32298137,0.37837838,0.70135975,0.10810811,2.424407921023945,0.33035714,-1.4014602808165364,17.487392757225823,-3.6487960031739965,0.31969866417348386,82.73673629367713,"kr3012271"
"Jin-gi Jeong 정진기","Wyverns (KBO)",27,140,0.05,0.24285714,0.20588235,0.23809524,0.27941176,0.33333333,0.61274509,0.09523809,7.578684450388004,0.30434783,0.927077327563893,10.165331371074577,-8.213963203186134,0.276783412915689,55.30860463660351,"kr3012275"
"Won-jai Lee 이원재","Dinos (KBO)",31,146,0.07534247,0.17808219,0.42307692,0.25757576,0.3125,0.41666667,0.72916667,0.15909091,5.114077597296824,0.29126214,0.18901620741235092,16.555823593119218,-2.6111550343240957,0.32539407314954105,86.37680416367012,"kr3012283"
"Ji-hyuk Ryu 류지혁","- - -",26,51,0.01960784,0.11764706,0.16666667,0.38095238,0.44,0.52380952,0.96380952,0.14285714,4.318941289660342,0.40540541,-0.268595740548335,10.414987969624612,3.719673517572496,0.43286717653274537,155.55636772866458,"kr3012288"
"Sei-hyok Park 박세혁","Bears (KBO)",30,423,0.08274232,0.10638298,0.77777778,0.26944444,0.34782609,0.36388889,0.71171498,0.09444445,4.196919025277814,0.29245283,-0.4277548068203032,50.466941376072526,-5.064784373300907,0.33243914992337065,90.87947600231377,"kr3012290"
"Min-sang Yoo 유민상","Tigers (KBO)",31,456,0.11622807,0.1754386,0.6625,0.2455243,0.34140969,0.3657289,0.70713859,0.1202046,0.847644392857143,0.28664495,-0.04093960166210309,53.46644534146239,-6.397542700415356,0.3299884913246626,89.3132032968803,"kr3012292"
"Jeong-eum Park 박정음","Heroes (KBO)",31,47,0.04255319,0.29787234,0.14285714,0.18604651,0.25531915,0.23255814,0.48787729,0.04651163,9.87746879938098,0.27586207,1.3337341793230735,1.8541452579114361,-4.316046492018946,0.23726276514378,30.050042738661343,"kr3012296"
"Kyu-min Kim 김규민","Heroes (KBO)",27,111,0.04504505,0.21621622,0.20833333,0.20792079,0.25,0.27722772,0.52722772,0.06930693,6.274230695089445,0.25974026,0.1923446303117089,5.127449380642099,-9.444705603236038,0.24529968422872048,35.18662398468063,"kr3012297"
"Ja-wook Koo 구자욱","Lions (KBO)",27,510,0.1,0.17843137,0.56043956,0.30717489,0.38506876,0.47757848,0.86264724,0.17040359,5.417686630368856,0.35465116,1.4373836438753642,84.80672111017336,17.85357658965219,0.3884319584124644,126.66577756356172,"kr3012300"
"Chan-do Park 박찬도","Lions (KBO)",31,116,0.12931034,0.18965517,0.68181818,0.21875,0.3245614,0.30208333,0.62664473,0.08333333,5.891389060485653,0.26666667,0.5274101638933644,10.412399694634079,-4.816158666896225,0.297226359358931,68.37416548198951,"kr3012303"
"Hae-min Park 박해민","Lions (KBO)",30,541,0.07208872,0.14232902,0.50649351,0.29038855,0.34456929,0.41513292,0.75970221,0.12474437,7.064970073810634,0.32425743,1.1991516124107875,70.64450213104043,-0.3783433309241807,0.34587602376043236,99.46729347653806,"kr3012304"
"Jun-tae Kim 김준태","Giants (KBO)",25,369,0.15176152,0.17344173,0.875,0.2254902,0.3442623,0.32679739,0.67105969,0.10130719,3.185508217103685,0.26666667,-1.0234278659918346,40.63699258038332,-7.805576690346699,0.3214983345706606,83.88694735259844,"kr3012310"
"Ju-suk Ha 하주석","Eagles (KBO)",26,281,0.04626335,0.23487544,0.1969697,0.28625954,0.32258065,0.35114504,0.67372569,0.0648855,3.0151732742009694,0.37244898,0.31176657328614965,28.69006903929098,-8.199800784760878,0.3119309583017903,77.77221545136848,"kr3012320"
"Seung-wook Park 박승욱","Wiz (KBO)",27,128,0.0859375,0.2890625,0.2972973,0.26363636,0.34920635,0.35454545,0.7037518,0.09090909,8.263645290793445,0.38356164,0.524747425573878,15.157491438618933,-1.6464350292765753,0.33137926885059904,90.20208144553509,"kr3012327"
"Min-sik Kim 김민식","Tigers (KBO)",31,238,0.07142857,0.11764706,0.60714286,0.25118483,0.31034483,0.31753555,0.62788038,0.06635072,2.106092455357143,0.27868852,-0.02096906426595524,20.93115721626804,-10.313643559975167,0.2950619615871331,66.99084870524416,"kr3012328"
"Hang Choi 최항","Wyverns (KBO)",26,155,0.13548387,0.17419355,0.77777778,0.26515152,0.36774194,0.33333333,0.70107527,0.06818181,3.2344114888932056,0.31730769,0.18302504619350657,18.694469500928225,-1.6540352062889918,0.33399126011055785,91.87146559372327,"kr3012332"
"Jung-min Choi 최정민","Tigers (KBO)",31,11,0.18181818,0.09090909,2,0.11111111,0.27272727,0.11111111,0.38383838,0,7.061965247002708,0.125,0.19900147611042485,0.27325455676905064,-1.1708328740657195,0.21985181353308939,18.922300058459264,"kr3012334"
"Yoo-seom Han 한유섬","Wyverns (KBO)",30,231,0.12987013,0.21212121,0.6122449,0.24870466,0.36363636,0.50777202,0.87140838,0.25906736,3.382282036992366,0.2519084,0.37903094169450924,38.059839958981215,7.734003911451043,0.38661265658295674,125.50301960127138,"kr3012336"
"Min-woo Park 박민우","Dinos (KBO)",27,530,0.06792453,0.09056604,0.75,0.34475375,0.40151515,0.47537473,0.87688988,0.13062098,5.671725160645053,0.36342043,-0.23221064440440387,91.48618566870555,21.907427637575715,0.39597357361942187,131.48579862229536,"kr3012337"
"Yun-ho Hwang 황윤호","Tigers (KBO)",26,73,0.04109589,0.1369863,0.3,0.24285714,0.2739726,0.28571429,0.55968689,0.04285715,4.309187714732088,0.28333333,0.3943416870315559,4.376571458177009,-5.206917855544647,0.2616990339266111,45.66782843813084,"kr3012338"
"Jin-sung Kang 강진성","Dinos (KBO)",26,432,0.0462963,0.10648148,0.43478261,0.30886076,0.35116279,0.46329114,0.81445393,0.15443038,4.292639842774085,0.32069971,1.4994514264399186,63.55595954560575,6.842707716458412,0.3655876453532729,112.0654476612848,"kr3012344"
"Jin-hyuk No 노진혁","Dinos (KBO)",30,484,0.10123967,0.21900826,0.46226415,0.27400468,0.35550936,0.48009368,0.83560304,0.206089,3.4147615864610392,0.32225914,-1.8913579309009947,74.36625355320106,10.826406596471168,0.37336911803508904,117.03876719099411,"kr3012348"
"Seong-uk Kim 김성욱","Dinos (KBO)",27,225,0.07555556,0.17777778,0.425,0.22051282,0.29357798,0.37435897,0.66793695,0.15384615,6.751481444799723,0.23489933,0.0700021674274467,21.682309821522395,-7.855842172825178,0.30509691856323035,73.40442227283387,"kr3012349"
"Sung-bum Na 나성범","Dinos (KBO)",30,584,0.08390411,0.25342466,0.33108108,0.32380952,0.39041096,0.59619048,0.98660144,0.27238096,4.639739223743097,0.39534884,0.5490751385805197,118.48398482567131,41.81607031589805,0.4320480189577411,154.54181267780217,"kr3012352"
"Seung-hyun Jang 장승현","Bears (KBO)",26,22,0.04545455,0.27272727,0.16666667,0.25,0.31818182,0.4,0.71818182,0.15,2.642857142857143,0.35714286,-0.0013313691597431898,2.561216246165853,-0.32695861550368743,0.32899682088331744,88.67940373545508,"kr3012365"
"In-tae Kim 김인태","Bears (KBO)",25,110,0.19090909,0.11818182,1.61538462,0.20238095,0.37037037,0.29761905,0.66798942,0.0952381,1.882722017857143,0.22535211,-0.011316637857817113,13.082935666767614,-1.3579386415800876,0.33199649055798847,90.5965621430891,"kr3012367"
"Woo-sung Lee 이우성","Tigers (KBO)",25,67,0.08955224,0.1641791,0.54545455,0.20338983,0.29850746,0.22033898,0.51884644,0.01694915,3.7238018131418045,0.25,0.1936759994714521,4.009317365499726,-4.786487895039329,0.26156498158155983,45.58215247769154,"kr3012368"
"Heung-ryun Lee 이흥련","- - -",31,132,0.04545455,0.21969697,0.20689655,0.24,0.27272727,0.32,0.59272727,0.08,0.142857142857143,0.28723404,-0.010650953277945518,9.10264700682177,-8.226402163195472,0.2724331554138299,52.85537681069398,"kr3012375"
"Young-hwan Kim 김영환","- - -",27,18,0.05555556,0.27777778,0.2,0,0.05882353,0,0.05882353,0,2.9660633483027476,0,-0.26293742161942646,-2.248529966203434,-4.61158212575124,0.04379678824368645,-83.15913847932475,"kr3012376"
"Hyun Jung 정현","Wyverns (KBO)",26,128,0.0859375,0.265625,0.32352941,0.15178571,0.24,0.24107143,0.48107143,0.08928572,3.0210465052221815,0.19736842,-0.47059279726818204,4.603470036371858,-12.20045643152365,0.23310888957977294,27.39520459796673,"kr3012377"
"Dong-hoon Baek 백동훈","Bears (KBO)",29,19,0.05263158,0.21052632,0.25,0.1875,0.31578947,0.25,0.56578947,0.0625,2.642857142857143,0.25,-0.0016642114496789873,1.5303819336701099,-0.9639509014081296,0.28624286463386134,61.3543594562875,"kr3012381"
"Hong-ku Lee 이홍구","- - -",29,96,0.0625,0.27083333,0.23076923,0.19047619,0.26595745,0.32142857,0.58738602,0.13095238,0.175751892857143,0.23214286,-0.006656845798715949,6.7069216196495445,-5.896023231272087,0.2726791615181781,53.21709885256761,"kr3012389"
"Jang-hyeok Ko 고장혁","Tigers (KBO)",30,13,0,0.38461538,0,0.23076923,0.23076923,0.23076923,0.46153846,0,0.142857142857143,0.375,-0.0009985268698073924,0.26400591399327233,-1.442642867902365,0.21444903428737933,15.469258630942875,"kr3012390"
"Woon-ho Jang 장운호","Eagles (KBO)",26,29,0.06896552,0.31034483,0.22222222,0.14814815,0.20689655,0.2962963,0.50319285,0.14814815,2.642857142857143,0.17647059,-0.0013313691597431898,0.9503366400941025,-2.8568029502884738,0.22930172805128426,24.96195943260919,"kr3012393"
"Han-gyeol Park 박한결","Eagles (KBO)",25,24,0.08333333,0.33333333,0.25,0.15,0.22727273,0.15,0.37727273,0,2.642857142857143,0.25,-0.0016642114496789873,0.0837838056822473,-3.06695240704816,0.1944058293646032,2.6591818554572297,"kr3012394"
"Soo-kwang Ro 노수광","- - -",29,330,0.1030303,0.19393939,0.53125,0.25085911,0.33231707,0.3161512,0.64846827,0.06529209,5.686281538168754,0.31718062,-1.269186379329767,32.182290655915,-11.140332269128109,0.3064755517646579,74.28518515971865,"kr3012395"
"Seung-taek Han 한승택","Tigers (KBO)",26,262,0.08015267,0.22137405,0.36206897,0.22566372,0.3083004,0.37168142,0.67998182,0.1460177,0.807539705357143,0.26415094,-0.02096906426595524,27.337057087462803,-7.058479901510812,0.3146006865463709,79.47850064450631,"kr3012396"
"Jun-wan Kim 김준완","Dinos (KBO)",29,75,0.13333333,0.12,1.11111111,0.21538462,0.32,0.27692308,0.59692308,0.06153846,1.420031080357143,0.23636364,-0.007322530378587544,6.402349664302619,-3.443701000479905,0.2919853973388672,65.02454519356297,"kr3012408"
"Hui-dong Kwon 권희동","Dinos (KBO)",29,426,0.13615023,0.16901408,0.80555556,0.26011561,0.37857143,0.40751445,0.78608588,0.14739884,3.683246352646079,0.29213483,0.5560648266691715,62.83055850721319,6.904990731248448,0.3660277851990291,112.3467512371256,"kr3012415"
"Min-hyuck Kim 김민혁","Wiz (KBO)",24,249,0.08835341,0.1686747,0.52380952,0.23873874,0.31174089,0.34684685,0.65858774,0.10810811,6.2135789391786656,0.27272727,-0.2720530542428605,24.33168106045728,-8.3572071466207,0.3067080035866031,74.4341040488151,"kr3012419"
"Woo-jun Shim 심우준","Wiz (KBO)",25,535,0.06915888,0.18317757,0.37755102,0.23529412,0.29094412,0.30042017,0.59136429,0.06512605,6.7346991204664,0.28759894,1.8684130434994586,39.31515948065299,-30.920001928129015,0.2778283740054665,55.97646348647408,"kr3012420"
"Sang-chul Moon 문상철","Wiz (KBO)",29,172,0.06395349,0.25,0.25581395,0.25974026,0.31360947,0.46103896,0.77464843,0.2012987,4.529943593613833,0.3047619,-0.4759182739071548,22.09798963376168,-0.48228655747290716,0.34336763585107566,97.86412463076903,"kr3012421"
"Min-sub Song 송민섭","Wiz (KBO)",28,51,0.09803922,0.25490196,0.38461538,0.19047619,0.28571429,0.33333333,0.61904762,0.14285714,8.301184990138267,0.24137931,-0.5914750001975335,4.132570409380925,-2.562744042671192,0.2868201574500726,61.72332067412144,"kr3012423"
"Byung-hee Kim 김병희","Wiz (KBO)",29,22,0,0.31818182,0,0.14285714,0.13636364,0.28571429,0.42207793,0.14285715,2.642857142857143,0.14285714,-0.0006656845798715949,-0.2614150681970439,-3.1495899298665844,0.17608322338624435,-9.05122025907843,"kr3012425"
"Jae-wook Park 박재욱","Twins (KBO)",24,17,0,0.23529412,0,0.26666667,0.3125,0.26666667,0.57916667,0,0.142857142857143,0.36363636,-0.0016642114496789873,1.2904567486635414,-0.9413147353538307,0.28071611002087593,57.82208249836641,"kr3012435"
"Jun-won Jang 장준원","Twins (KBO)",24,68,0.08823529,0.10294118,0.85714286,0.21666667,0.28358209,0.31666667,0.60024876,0.1,2.642857142857143,0.22641509,-0.004992634349036962,5.075446615896167,-3.8516393201733203,0.27920212763458935,56.85446126813963,"kr3012436"
"Suk-hwan Yang 양석환","Twins (KBO)",28,132,0.07575758,0.18939394,0.4,0.24576271,0.31538462,0.36440678,0.6797914,0.11864407,0.38591270535714295,0.28888889,-0.010983795567881316,13.850284669887808,-3.4787645001294343,0.31529967922430774,79.92524306441233,"kr3012438"
"Jung-dae Bae 배정대","Wiz (KBO)",24,615,0.11056911,0.23089431,0.47887324,0.28893058,0.37213115,0.42026266,0.79239381,0.13133208,5.161051124175528,0.36910995,-1.6757681703893468,90.22180591767466,9.48419046645796,0.36508927736126007,111.74692912771063,"kr3012441"
"Yong-je Choi 최용제","Bears (KBO)",28,49,0.08163265,0.16326531,0.5,0.29545455,0.35416667,0.34090909,0.69507576,0.04545454,5.142857142857142,0.36111111,-0.005325476638972759,5.658537482564985,-0.7742156184262642,0.3278782119353612,87.96447483260376,"kr3012443"
"Gyeong-ho Kim 김경호","Wyverns (KBO)",24,110,0.02727273,0.14545455,0.1875,0.28571429,0.30275229,0.33333333,0.63608562,0.04761904,5.482954997373384,0.33333333,-1.6600707526667975,9.42194507201348,-5.0189292363342215,0.292330294027241,65.24497666022219,"kr3012446"
"Sung-kon Lee 이성곤","Lions (KBO)",28,154,0.07142857,0.24675325,0.28947368,0.28057554,0.32894737,0.43884892,0.76779629,0.15827338,3.3700564336246597,0.34693878,0.3873519989429042,19.932319058257836,-0.28490497342894994,0.3445045940185848,98.59078094508716,"kr3012447"
"Byeong-wuk Lim 임병욱","Heroes (KBO)",24,41,0.09756098,0.24390244,0.4,0.27027027,0.34146341,0.37837838,0.71984179,0.10810811,5.170437678589879,0.37037037,0.5970044283312745,4.598377983786872,-0.7841297129609079,0.3239156171679497,85.43188868202279,"kr3012450"
"Ho-jae Kim 김호재","Lions (KBO)",25,138,0.11594203,0.13768116,0.84210526,0.3220339,0.41605839,0.38983051,0.8058889,0.06779661,3.95241807722687,0.37755102,0.3830250491737388,22.277412992072893,4.160679768873051,0.38264304573518515,122.9659493111318,"kr3012454"
"Seung-min Back 백승민","Lions (KBO)",29,12,0.08333333,0.16666667,0.5,0,0.25,0,0.25,0,0.142857142857143,0,-0.0009985268698073924,0.008630287392593639,-1.5667378189726102,0.1911023110151291,0.547826717941245,"kr3012455"
"Gye-beom Park 박계범","Lions (KBO)",24,175,0.04,0.24,0.16666667,0.19512195,0.22674419,0.29268293,0.51942712,0.09756098,4.734434285465747,0.24166667,-0.3348615820868872,6.818688860557812,-16.155429357268076,0.23668357972488846,29.679871914592624,"kr3012458"
"Jun-suk Song 송준석","Lions (KBO)",26,50,0.04,0.12,0.33333333,0.27659574,0.32,0.44680851,0.76680851,0.17021277,1.303571455357143,0.3,-0.0033284228993579745,6.465298824579246,-0.09873495194243648,0.34435601234436036,98.49581895365023,"kr3012459"
"Jae-hyun Kim 김재현","Lions (KBO)",28,18,0.16666667,0.16666667,1,0.14285714,0.29411765,0.14285714,0.43697479,0,2.642857142857143,0.18181818,-0.0016642114496789873,0.7622717344809644,-1.6007804250668414,0.2407173233873704,32.25793097291737,"kr3012462"
"Yoon-suk Oh 오윤석","Giants (KBO)",28,197,0.12182741,0.23857868,0.5106383,0.29761905,0.3877551,0.42261905,0.81037415,0.125,4.638247421275594,0.38655462,-0.08390648290514946,30.460803192222283,4.598510112726855,0.3745300593424816,117.7807516858307,"kr3012464"
"Chang-jin Lee 이창진","Tigers (KBO)",29,99,0.1010101,0.17171717,0.58823529,0.32954545,0.4040404,0.44318182,0.84722222,0.11363637,4.8219224758706005,0.4084507,-0.4729226932977326,16.675484730300973,3.6786978527880407,0.3909962436165472,128.3046716658325,"kr3012466"
"Han-wool Kang 강한울","Lions (KBO)",28,122,0.09016393,0.19672131,0.45833333,0.3047619,0.36752137,0.36190476,0.72942613,0.05714286,3.0544712888482026,0.38271605,0.18701915367273614,15.596779100864557,-0.4194633138483483,0.3426117382497869,97.3810129555543,"kr3012471"
"Chan-ho Park 박찬호","Tigers (KBO)",25,531,0.06779661,0.16384181,0.4137931,0.22291667,0.27552987,0.275,0.55052987,0.05208333,4.61534270930943,0.26463104,-0.7421090577263385,31.314390831263044,-38.39564787539723,0.2605303886538526,44.920920160486425,"kr3012474"
"Jun-tae Park 박준태","Heroes (KBO)",28,443,0.14672686,0.27088036,0.54166667,0.24495677,0.38940092,0.3314121,0.72081302,0.08645533,4.964274303217757,0.35555556,0.4874690891010687,60.197545318356696,2.0402060583745825,0.3521984148135383,103.50808012253485,"kr3012475"
"Si-wan Ji 지시완","Giants (KBO)",26,11,0.27272727,0.36363636,0.75,0.25,0.45454545,0.25,0.70454545,0,0.142857142857143,0.5,-0.0016642114496789873,1.6776690470740196,0.2335816162392494,0.37201768159866333,116.17503284439121,"kr3012477"
"Min-su Kim 김민수","Lions (KBO)",29,26,0.07692308,0.23076923,0.33333333,0.17391304,0.24,0.17391304,0.41391304,0,2.642857142857143,0.23529412,-0.0019970537396147847,0.39274162759649944,-3.020555936194776,0.2082482957839966,11.506222948820989,"kr3012485"
"Yong-ho Cho 조용호","Wiz (KBO)",30,482,0.13278008,0.17219917,0.77108434,0.29584352,0.39203354,0.33251834,0.72455188,0.03667482,4.3957042022212525,0.36890244,0.9552702572545968,64.32004885734267,1.0427632516736387,0.3492879375439732,101.64792664807389,"kr3012491"
"Seo-jun Yoo 유서준","Wyverns (KBO)",24,25,0.04,0.28,0.14285714,0.25,0.28,0.41666667,0.69666667,0.16666667,5.213315208635028,0.3125,-0.26426879077916965,2.5235410002606593,-0.7584758880001823,0.31055052042007447,76.8899456089605,"kr3012492"
"Min-kook Kang 강민국","Wiz (KBO)",28,120,0.05833333,0.16666667,0.35,0.22429907,0.27192982,0.25233645,0.52426627,0.02803738,3.174936558810061,0.27586207,-0.47192416642792523,6.093426529179045,-9.660254534472994,0.25076460629178765,38.67938232695475,"kr3012495"
"Tae-jin Kim 김태진","- - -",24,280,0.04642857,0.16071429,0.28888889,0.23574144,0.27338129,0.27376426,0.54714555,0.03802282,4.785758583185295,0.27981651,-0.47338442638283595,15.82839985746962,-20.930189291051803,0.2576324530213857,43.06041179522882,"kr3012499"
"Seung-hyeon Baek 백승현","Twins (KBO)",25,39,0.1025641,0.20512821,0.5,0.25,0.36363636,0.28571429,0.64935065,0.03571429,2.358766205357143,0.35,-0.003661265189293772,4.300500824743227,-0.8194455209436861,0.3216674562656518,83.99503694733063,"kr3012512"
"Min-jae Shin 신민재","Twins (KBO)",24,32,0.125,0.125,1,0.30769231,0.4,0.34615385,0.74615385,0.03846154,6.933161957780955,0.36363636,0.6711295940331183,4.530942035607226,0.32996041863334935,0.35899880131085715,107.85436473466486,"kr3012520"
"Jung-heop Huh 허정협","Heroes (KBO)",30,360,0.11111111,0.20277778,0.54794521,0.26751592,0.35294118,0.40127389,0.75421507,0.13375797,1.436716767857143,0.31896552,-0.034615598153322935,47.90845386997463,0.6474106790185142,0.3488528641666017,101.36986116959518,"kr3012533"
"Jeong-yong Choi 최정용","Tigers (KBO)",23,59,0.03389831,0.25423729,0.13333333,0.19642857,0.22413793,0.26785714,0.49199507,0.07142857,1.601190455357143,0.25,-0.003661265189293772,1.8098583925621337,-5.9357014637334515,0.22680524402651295,23.366398635356,"kr3012537"
"Ji-soo Kim 김지수","Eagles (KBO)",23,26,0.03846154,0.26923077,0.14285714,0.16,0.19230769,0.28,0.47230769,0.12,1.080357142857143,0.17647059,-0.0013313691597431898,0.50450226058363,-2.9087953032076452,0.21337136396994957,14.78049455563027,"kr3012539"
"Jae-yu Kim 김재유","Giants (KBO)",27,133,0.09022556,0.26315789,0.34285714,0.25862069,0.34351145,0.29310345,0.6366149,0.03448276,6.392654159030387,0.3625,1.5230832290253602,13.337809936091423,-4.122519909456252,0.3097670647024198,76.3892209029059,"kr3012540"
"Tae-yul Kang 강태율","Giants (KBO)",23,18,0.38888889,0.11111111,3.5,0.45454545,0.66666667,1,1.66666667,0.54545455,0.142857142857143,0.42857143,-0.0033284228993579745,7.220645008455997,4.857592848908191,0.6683444711897109,305.56435156461976,"kr3012542"
"Ro-han Kang 강로한","Giants (KBO)",28,26,0.15384615,0.23076923,0.66666667,0.19047619,0.34615385,0.19047619,0.53663004,0,5.911060566046155,0.26666667,-0.0656001569586806,2.117133666966753,-1.2961638968245222,0.28729382157325745,62.026050392605526,"kr3012543"
"Dae-in Hwang 황대인","Tigers (KBO)",24,138,0.15217391,0.21014493,0.72413793,0.27586207,0.38405797,0.4137931,0.79785107,0.13793103,0.793367330357143,0.33333333,-0.014977903047110885,20.88612223490462,2.769389011704774,0.37062722487726074,115.2863597293488,"kr3012545"
"Ho-ryung Kim 김호령","Tigers (KBO)",28,159,0.08805031,0.34591195,0.25454545,0.23188406,0.31410256,0.38405797,0.69816053,0.15217391,6.894370729055653,0.35,-0.8004617450060323,17.356537858824975,-3.5170895505139756,0.320346149114462,83.15055892518033,"kr3012550"
"Do-yun Lee 이도윤","Eagles (KBO)",23,25,0.04,0.24,0.16666667,0.20833333,0.24,0.25,0.49,0.04166667,2.642857142857143,0.27777778,-0.0016642114496789873,0.8326361393722358,-2.4493807488886055,0.22993961572647095,25.369648229124568,"kr3012554"
"Hyun-seok Lee 이현석","Wyverns (KBO)",28,109,0.03669725,0.27522936,0.13333333,0.17821782,0.22429907,0.25742574,0.48172481,0.07920792,3.179880714482473,0.23188406,0.1933431571815163,3.23492630528447,-11.074667327532799,0.2256165798579421,22.606695817451936,"kr3012560"
"Woong-bin Kim 김웅빈","Heroes (KBO)",24,235,0.07234043,0.27659574,0.26153846,0.27536232,0.33478261,0.45410628,0.78888889,0.17874396,2.381880735390319,0.35766423,0.18169367703376338,31.836207798113286,0.9852490484613747,0.3517063291312305,103.19357675868824,"kr3012561"
"Chang-ki Hong 홍창기","Twins (KBO)",26,507,0.16370809,0.17159763,0.95402299,0.27941176,0.41071429,0.41666667,0.82738096,0.13725491,6.522462466732232,0.34169279,-0.16827469889540225,83.65465944399385,17.095356950063984,0.3868964509982949,125.68439918916378,"kr3012570"
"Ye-il Seo 서예일","Bears (KBO)",27,29,0.10344828,0.24137931,0.42857143,0.24,0.31034483,0.32,0.63034483,0.08,2.2956348928571426,0.31578947,-0.002329896029550582,2.523260718806604,-1.283878871575972,0.29394515835005663,66.27707387406417,"kr3012576"
"Soo-haeng Jo 조수행","Bears (KBO)",26,40,0.05,0.15,0.33333333,0.26315789,0.3,0.26315789,0.56315789,0,5.732176494924041,0.3125,-0.32920326315797865,2.6615152025596056,-2.5897118186577406,0.26954705715179444,50.683681962441796,"kr3012578"
"Hyo-sang Joo 주효상","Heroes (KBO)",22,101,0.12871287,0.25742574,0.5,0.19047619,0.29591837,0.23809524,0.53401361,0.04761905,0.810960580357143,0.27118644,-0.008321057248394936,6.341696797156522,-6.917651431417277,0.26507911815935253,47.82811860608813,"kr3012583"
"Sung-gyu Lee 이성규","Lions (KBO)",26,245,0.07346939,0.26122449,0.28125,0.18055556,0.25726141,0.36111111,0.61837252,0.18055555,4.593647816782196,0.20138889,0.12275036587379873,18.516684438259784,-13.647081066696465,0.28032171330511324,57.5700144170199,"kr3012587"
"Won-jun Choi 최원준","Tigers (KBO)",23,412,0.08009709,0.08495146,0.94285714,0.32590529,0.38709677,0.42061281,0.80770958,0.09470752,7.325282064547536,0.35168196,1.3682511125225574,62.82553782473103,8.737899506192363,0.37198645749103937,116.15507679357748,"kr3012595"
"Jin-young Lee 이진영","Tigers (KBO)",22,27,0.18518519,0.33333333,0.55555556,0.22727273,0.37037037,0.27272727,0.64309764,0.04545454,5.381065543976788,0.38461538,0.19700442237081006,3.0122166012336566,-0.532361638088052,0.32321007384194267,84.98095959112119,"kr3012598"
"Dong-hun Lee 이동훈","Eagles (KBO)",23,39,0,0.35897436,0,0.10526316,0.12820513,0.10526316,0.23346829,0,2.642857142857143,0.16666667,-0.0016642114496789873,-2.4568111506107733,-7.576757496297685,0.11516558359830807,-47.98509563836372,"kr3012602"
"Jin-hyuk Jang 장진혁","Eagles (KBO)",26,37,0.13513514,0.16216216,0.83333333,0.15625,0.27027027,0.21875,0.48902027,0.0625,6.370549504152169,0.19230769,-0.0656001569586806,1.6859737434330329,-3.171411251193012,0.2445531455246178,34.70949379755373,"kr3012604"
"Sang-un Park 박상언","Eagles (KBO)",23,47,0,0.34042553,0,0.2173913,0.23404255,0.2826087,0.51665125,0.0652174,2.017857142857143,0.33333333,-0.0026627383194863796,1.8444378742285024,-4.32575387570188,0.2370166043017773,29.892715639660842,"kr3012605"
"Chan-hyung Kim 김찬형","Dinos (KBO)",22,72,0.05555556,0.15277778,0.36363636,0.296875,0.34285714,0.390625,0.73348214,0.09375,5.295863014183011,0.35185185,0.13140426541212946,8.834681082777399,-0.6175275554138241,0.3364874584334237,93.46684379226743,"kr3012617"
"Jun-young Park 박준영","Dinos (KBO)",22,51,0.03921569,0.33333333,0.11764706,0.15217391,0.23529412,0.23913043,0.47442455,0.08695652,5.684138441363068,0.24137931,0.19733726466074586,1.7156480463761494,-4.979666405675967,0.23033853605681776,25.624607457388393,"kr3012619"
"Tae-hun Do 도태훈","Dinos (KBO)",27,13,0.15384615,0.23076923,0.66666667,0.18181818,0.30769231,0.18181818,0.48951049,0,0.142857142857143,0.25,-0.0013313691597431898,0.7337132056559797,-0.9729355762396578,0.2575114690340482,42.99145866679244,"kr3012620"
"Jae-yul Lee 이재율","Dinos (KBO)",27,10,0.1,0.1,1,0.44444444,0.5,0.55555556,1.05555556,0.11111112,6.957654714851085,0.5,0.33606406045146286,2.4472932654392645,1.1344865101349275,0.481921124458313,186.41687023250654,"kr3012621"
"Hyeon-bin Hong 홍현빈","Wiz (KBO)",22,24,0.20833333,0.20833333,1,0,0.2173913,0,0.2173913,0,4.09719141249985,0,-0.4639359514694661,-1.1049876499200575,-4.255723862650465,0.13537189093503085,-35.0707763301607,"kr3012624"
"Yu-chan Lee 이유찬","Bears (KBO)",21,108,0.12962963,0.23148148,0.56,0.25842697,0.36792453,0.30337079,0.67129532,0.04494382,8.457557502710726,0.35384615,0.7375993870664388,12.459132351200939,-1.7191806060858963,0.32773755181510494,87.87457568989309,"kr3012635"
"Hye-seong Kim 김혜성","Heroes (KBO)",21,553,0.08318264,0.16998192,0.4893617,0.28456914,0.34482759,0.3987976,0.74362519,0.11422846,6.837198459263082,0.3358209,1.5108431249973364,70.05313121961976,-2.545082348710049,0.34122433387649037,96.49429066692583,"kr3012639"
"Jung-hoo Lee 이정후","Heroes (KBO)",21,617,0.09562399,0.07617504,1.25531915,0.33272059,0.39674797,0.52389706,0.92064503,0.19117647,5.024987902829606,0.33877551,0.9559359418344684,112.29814749660565,31.297970694328082,0.4071663879408625,138.63938565310397,"kr3012640"
"Min-su Kim 김민수","Giants (KBO)",22,10,0.2,0.4,0.5,0.25,0.4,0.25,0.65,0,5.223214285714286,0.5,0.19866863382048905,1.2125860767992012,-0.10022067850513533,0.3347649097442627,92.36592300426561,"kr3012647"
"Seong-han Park 박성한","Wyverns (KBO)",22,112,0.09821429,0.1875,0.52380952,0.24242424,0.32432432,0.32323232,0.64755664,0.08080808,1.5879844175546145,0.28947368,-0.2732555326074362,11.037105227006554,-3.666330432402014,0.30769482496622447,75.0648044625137,"kr3012661"
"Baek-ho Kang 강백호","Wiz (KBO)",20,574,0.11498258,0.16202091,0.70967742,0.33,0.41114983,0.544,0.95514983,0.214,4.001783081370573,0.36692506,0.4192061938229017,111.39497526734826,36.039867512879326,0.4215412735939026,147.8267082177213,"kr3012665"
"Jae-hyun Choo 추재현","Giants (KBO)",21,28,0.14285714,0.28571429,0.5,0.125,0.25,0.125,0.375,0,2.196428580357143,0.1875,-0.002329896029550582,0.368470600900736,-3.307388313951406,0.20592925165380752,10.024068100436258,"kr3012679"
"Dong-hui Han 한동희","Giants (KBO)",21,531,0.10734463,0.1826742,0.58762887,0.27765727,0.36121673,0.43600868,0.79722541,0.15835141,1.5610554991112007,0.31714286,-1.4380729327094741,77.51727615589266,7.807237449232398,0.36423288427378286,111.19958845824951,"kr3012686"
"Eun-won Jung 정은원","Eagles (KBO)",20,303,0.13531353,0.13531353,1,0.2480315,0.36212625,0.33464567,0.69677192,0.08661417,2.976332877177308,0.28436019,-0.2942245968733914,36.75236074396242,-3.0256839417589743,0.33480818782533917,92.3935830288685,"kr3012695"
"Jun-woo Choi 최준우","Wyverns (KBO)",21,207,0.09178744,0.1352657,0.67857143,0.23626374,0.30693069,0.30769231,0.614623,0.07142857,2.4793320300826576,0.26315789,-0.2809109052759595,17.509264108859686,-9.665835725940083,0.29105714553653605,64.4312779540841,"kr3012699"
"Hyung-jun Kim 김형준","Dinos (KBO)",20,82,0.12195122,0.25609756,0.47619048,0.30555556,0.3902439,0.44444444,0.83468834,0.13888888,1.4575123303571431,0.39583333,-0.009319584118202329,13.345032731306407,2.5800173378108493,0.3842088405678912,123.96668507663952,"kr3012705"
"Bon-hyeok Gu 구본혁","Twins (KBO)",23,98,0.07142857,0.18367347,0.38888889,0.1627907,0.24210526,0.22093023,0.46303549,0.05813953,4.392857142857143,0.19402985,-0.0069896880886517465,2.996898420413162,-9.868607781569336,0.22669205602846648,23.294057562627096,"kr3012711"
"Seung-kyu Park 박승규","Lions (KBO)",19,196,0.03571429,0.16326531,0.21875,0.25824176,0.296875,0.33516484,0.63203984,0.07692308,4.066572542946142,0.30872483,-1.0653962203650735,16.87605544796773,-8.854956955997263,0.29286456511666376,65.58644169541978,"kr3012721"
"Do-hwan Kim 김도환","Lions (KBO)",20,49,0.10204082,0.32653061,0.3125,0.2195122,0.29166667,0.26829268,0.55995935,0.04878048,0.41071426785714293,0.33333333,-0.0039941074792295694,3.143079899571577,-3.289673201419672,0.266694538295269,48.86057105296404,"kr3012722"
"Sun-woo Oh 오선우","Tigers (KBO)",23,73,0.04109589,0.35616438,0.11538462,0.23880597,0.30136986,0.41791045,0.71928031,0.17910448,2.4345238303571426,0.32432432,-0.005991161218844354,8.290776550456291,-1.2927127632653648,0.3256041089149371,86.51104288899809,"kr3012730"
"Si-hwan Roh 노시환","Eagles (KBO)",19,387,0.08527132,0.2997416,0.28448276,0.21965318,0.29792746,0.38728324,0.6852107,0.16763006,3.222723683987922,0.29223744,-0.4898976500844583,39.369102894477685,-11.436518535800136,0.3114888584458983,77.48965918762585,"kr3012734"
"Jang-hyeok Yoo 유장혁","Eagles (KBO)",20,46,0.08695652,0.39130435,0.22222222,0.16666667,0.23913043,0.19047619,0.42960662,0.02380952,2.208930316131564,0.29166667,-0.4659330052090809,0.9140622826355187,-5.124848791764429,0.213927932407545,15.136210342795016,"kr3012737"
"Hyun-woo Chae 채현우","Wyverns (KBO)",24,24,0.04166667,0.33333333,0.125,0.13043478,0.16666667,0.17391304,0.34057971,0.04347826,7.5,0.2,0.5990014820708893,-0.5671540295448443,-3.717890242275252,0.16208050400018692,-18.000682737364173,"kr3012739"
"Chang-pyeong Kim 김창평","Wyverns (KBO)",20,90,0.12222222,0.17777778,0.6875,0.19230769,0.28888889,0.26923077,0.55811966,0.07692308,8.340811372002708,0.23809524,1.393010332772974,5.971202173653453,-5.844058624085576,0.26931919190618725,50.53804800310547,"kr3012740"
"Joo-chan Kim 김주찬","Tigers (KBO)",39,18,0,0.11111111,0,0.33333333,0.33333333,0.5,0.83333333,0.16666667,2.017857142857143,0.33333333,-0.0016642114496789873,2.716203782274481,0.35315162272667494,0.37009268667962814,114.94472397910396,"kr3012763"
"Sung-woo Lee 이성우","Twins (KBO)",38,88,0.06818182,0.15909091,0.42857143,0.23376623,0.28915663,0.36363636,0.65279299,0.12987013,0.708333330357143,0.25,-0.006656845798715949,8.023639062820248,-3.5290603838579124,0.2989135750805039,69.45250415155003,"kr3012790"
"Kang-min Kim 김강민","Wyverns (KBO)",37,327,0.08256881,0.18960245,0.43548387,0.25259516,0.32298137,0.42214533,0.7451267,0.16955017,4.191758597723204,0.28110599,-0.938984589301981,39.70979362661195,-3.2189872718398567,0.334977139160037,92.5015637423891,"kr3012834"
"Sang-ho Chung 정상호","Bears (KBO)",37,92,0.02173913,0.31521739,0.06896552,0.1627907,0.17977528,0.23255814,0.41233342,0.06976744,0.689732142857143,0.24137931,-0.0033284228993579745,-0.24937806081741476,-12.327200209617311,0.18701454360833328,-2.0647601673965204,"kr3012835"
"Hyoung-woo Choi 최형우","Tigers (KBO)",36,600,0.11666667,0.16833333,0.69306931,0.35440613,0.43333333,0.59003831,1.02337164,0.23563218,1.807504705357143,0.39646465,-0.06290719279786572,131.40244665869807,52.63404134043788,0.45126097873479376,166.82126053939064,"kr3012871"
"Kyung-su Park 박경수","Wiz (KBO)",36,391,0.12276215,0.2455243,0.5,0.2808642,0.3814433,0.4537037,0.835147,0.1728395,0.709144315654394,0.35135135,-0.5012142879422754,61.656293792748585,10.325549660349024,0.3781834553560445,120.11572174702142,"kr3012911"
"Sung-yul Lee 이성열","Eagles (KBO)",35,248,0.06451613,0.27822581,0.23188406,0.20264317,0.27016129,0.33039648,0.60055777,0.12775331,2.1214769955346195,0.25333333,-0.2805780629860237,18.313141998023283,-14.244465533524265,0.2782538994666069,56.2484266704127,"kr3012912"
"Ju-hwan Na 나주환","Tigers (KBO)",36,222,0.05405405,0.1981982,0.27272727,0.27941176,0.32110092,0.39215686,0.71325778,0.1127451,1.005952392857143,0.32903226,-0.01963769510621205,25.21288308966975,-3.9314268780865227,0.32560323165097366,86.51048220926813,"kr3012917"
"Seok-hoon Chi 지석훈","Dinos (KBO)",36,142,0.1056338,0.23239437,0.45454545,0.20661157,0.3,0.29752066,0.59752066,0.09090909,2.642857142857143,0.26966292,-0.010983795567881316,11.285451075392706,-7.3564048499288734,0.2849659251315253,60.53823782675774,"kr3012927"
"Suk-min Yoon 윤석민","Wyverns (KBO)",34,76,0.02631579,0.15789474,0.16666667,0.19178082,0.21052632,0.34246575,0.55299207,0.15068493,0.142857142857143,0.18644068,-0.003661265189293772,3.367462541150901,-6.609868799162057,0.24305365509108492,33.751134710188694,"kr3012975"
"Han-joon Yoo 유한준","Wiz (KBO)",38,428,0.09345794,0.11915888,0.78431373,0.27979275,0.34660422,0.40932642,0.75593064,0.12953367,1.205813330357143,0.29846154,-0.0392753902124241,55.61996664797152,-0.56816247905408,0.3451273850833668,98.98882114802288,"kr3012986"
"Jin-hang Choi 최진행","Eagles (KBO)",34,240,0.075,0.24583333,0.30508475,0.23364486,0.30416667,0.36915888,0.67332555,0.13551402,1.080357142857143,0.28,-0.019970537396147847,23.958379760979955,-7.54898236632412,0.3092215602596601,76.04057637125318,"kr3013016"
"Eui-yoon Jung 정의윤","Wyverns (KBO)",33,203,0.0591133,0.18719212,0.31578947,0.24064171,0.28571429,0.29411765,0.57983194,0.05347594,2.2193619597761054,0.29139073,-0.4792466968065128,13.411469770888626,-13.238507361789406,0.2689850772961532,50.324507612592164,"kr3013035"
"Jae-il Oh 오재일","Bears (KBO)",33,534,0.11423221,0.17228464,0.66304348,0.31210191,0.38951311,0.48195329,0.8714664,0.16985138,1.8912279594949237,0.35890411,-0.11552650044905022,91.36991811999528,21.26603738674369,0.39417304006347514,130.33503589860015,"kr3013047"
"Won-seok Lee 이원석","Lions (KBO)",33,467,0.10492505,0.17558887,0.59756098,0.26799007,0.34120172,0.40694789,0.74814961,0.13895782,1.1242047256105987,0.296875,-0.505208395421505,58.46440070617087,-2.8436747665416493,0.3394521761966008,95.36166362324106,"kr3013066"
"Keun-woo Jeong 정근우","Twins (KBO)",37,177,0.0960452,0.1299435,0.73913043,0.24025974,0.32183908,0.28571429,0.60755337,0.04545455,5.062988471877498,0.27480916,0.45814874174539,14.978592806589814,-8.25808676229694,0.29110362832945896,64.46098618429855,"kr3013085"
"Byung-kyu Lee 이병규","Giants (KBO)",36,194,0.1443299,0.28350515,0.50909091,0.27439024,0.3814433,0.46341463,0.84485793,0.18902439,1.373325892857143,0.35643564,-0.020303379686083645,31.662002195445265,6.193551142541133,0.3847593416258232,124.31852306084745,"kr3013092"
"Joo-hwan Choi 최주환","Bears (KBO)",32,574,0.08188153,0.11498258,0.71212121,0.3064833,0.36649215,0.47347741,0.83996956,0.16699411,3.205501533323247,0.32036613,-0.11452797357924283,88.23486423374587,12.879756479276956,0.3734525360271964,117.09208156299547,"kr3013103"
"Moon-ho Kim 김문호","Eagles (KBO)",33,52,0.09615385,0.21153846,0.45454545,0.2173913,0.30769231,0.36956522,0.67725753,0.15217392,1.440934080357143,0.24242424,-0.004326949769165367,5.392248008085684,-1.4343471194968667,0.3138345353878461,78.98883568323173,"kr3013121"
"Kwang-min Song 송광민","Eagles (KBO)",37,298,0.04697987,0.23154362,0.20289855,0.23465704,0.27609428,0.37545126,0.65154554,0.14079422,1.4821428303571431,0.27722772,-0.019970537396147847,25.47424276324746,-13.647398544821767,0.2921276708712449,65.11547550535192,"kr3013141"
"Sung-hyun Kim 김성현","Wyverns (KBO)",33,392,0.07653061,0.06887755,1.11111111,0.27113703,0.33595801,0.32069971,0.65665772,0.04956268,2.2588110423782704,0.28706625,-0.30121428496204317,39.89764376695094,-11.564381040979054,0.3115493503455415,77.52832096261193,"kr3013146"
"Jae-won Lee 이재원","Wyverns (KBO)",32,251,0.07569721,0.09561753,0.79166667,0.18468468,0.26612903,0.24774775,0.51387678,0.06306307,1.2419950803571431,0.19796954,-0.017640641366597265,11.244800163030373,-21.706649395108474,0.24363918134144374,34.12535810659948,"kr3013147"
"Myung-ki Lee 이명기","Dinos (KBO)",32,540,0.09259259,0.14444444,0.64102564,0.30607966,0.37383178,0.36897275,0.74280453,0.06289309,5.041032723270655,0.35910224,-0.8971451257239096,71.87031328451293,0.978748498078751,0.3488697097680279,101.38062758387025,"kr3013150"
"Jae-hyun Kim 김재현","Wyverns (KBO)",32,14,0,0.28571429,0,0.14285714,0.14285714,0.14285714,0.28571428,0,5,0.2,-0.4632702668895945,-0.675325606036878,-2.513255063462949,0.1327541640826634,-36.74382622838191,"kr3013153"
"Do-hwan Hur 허도환","Wiz (KBO)",35,62,0.09677419,0.24193548,0.4,0.26415094,0.36065574,0.28301887,0.64367461,0.01886793,0.142857142857143,0.36842105,-0.0069896880886517465,6.633469002610295,-1.5059328802765914,0.31776085349379996,81.49823657874887,"kr3013160"
"Tae-in Chae 채태인","Wyverns (KBO)",37,189,0.15343915,0.17460317,0.87878788,0.28125,0.39153439,0.44375,0.83528439,0.1625,0.142857142857143,0.31666667,-0.019970537396147847,30.303231556319286,5.491183881067328,0.381336834341447,122.13111933741907,"kr3013170"
"Min-sung Kim 김민성","Twins (KBO)",31,333,0.07207207,0.1981982,0.36363636,0.26599327,0.32522796,0.38383838,0.70906634,0.11784511,2.267610169801203,0.32173913,-0.08923195954412222,36.96412517427794,-6.7523397773564655,0.3225424114717256,84.55424109697135,"kr3013175"
"Hyung-jong Lee 이형종","Twins (KBO)",31,323,0.08359133,0.18885449,0.44262295,0.29616725,0.36842105,0.54703833,0.91545938,0.25087108,3.3556665653724584,0.32227488,0.17270693520549685,57.57504312465658,15.171384928326503,0.40269009222895463,135.77848132366927,"kr3013195"
"Yong-eui Kim 김용의","Twins (KBO)",34,75,0.04,0.2,0.2,0.27142857,0.2972973,0.35714286,0.65444016,0.08571429,8.390804597701148,0.32727273,0.005862270423676819,6.747526332107175,-3.0985243326753493,0.29747062679883596,68.53028246382898,"kr3013199"
"Jae-hwan Kim 김재환","Bears (KBO)",31,614,0.14820847,0.25081433,0.59090909,0.26550388,0.37296417,0.49418605,0.86715022,0.22868217,3.6305799864808526,0.31656805,1.1437496708822437,101.11336317936735,20.507028403681087,0.38651556127785464,125.44096374155787,"kr3013200"
"Jae-hoon Choi 최재훈","Eagles (KBO)",30,389,0.07455013,0.11311054,0.65909091,0.30088496,0.3828125,0.38348083,0.76629333,0.08259587,1.617466517857143,0.3390411,-0.04160528624197468,55.89831663134747,4.83013385000878,0.36150824107850593,109.45820584744558,"kr3013205"
"Sung-woo Jang 장성우","Wiz (KBO)",30,455,0.08351648,0.14065934,0.59375,0.2775,0.33707865,0.4125,0.74957865,0.135,0.712710080357143,0.29787234,-0.04060675937216729,57.51286448786014,-2.2198428784871678,0.3408948442909155,96.28370623673119,"kr3013216"
"Sun-bin Kim 김선빈","Tigers (KBO)",30,351,0.11396011,0.12250712,0.93023256,0.330033,0.40571429,0.40264026,0.80835455,0.07260726,1.9396438547685353,0.375,-0.30321133870165795,55.15826977801837,9.078752666836165,0.3775366926193237,119.7023606929965,"kr3013220"
"Ji-wan Na 나지완","Tigers (KBO)",35,556,0.11510791,0.20503597,0.56140351,0.29059829,0.39208633,0.44444444,0.83653077,0.15384615,1.930425455357143,0.34693878,-0.05991161218844354,90.42298093158938,17.430925336668277,0.3840741148940078,123.88057877613895,"kr3013222"
"Yong-hwan Baik 백용환","Tigers (KBO)",31,107,0.14018692,0.27102804,0.51724138,0.21978022,0.33018868,0.42857143,0.75876011,0.20879121,0.976190455357143,0.26315789,-0.008653899538330734,13.930760865393422,-0.11627141636297782,0.345414418094563,99.1722705975839,"kr3013223"
"Sun-jin Oh 오선진","Eagles (KBO)",30,222,0.07207207,0.17567568,0.41025641,0.23350254,0.30092593,0.28426396,0.58518989,0.05076142,1.4147522182734604,0.28205128,-0.48224227741593495,16.808811195959557,-12.335498771796713,0.28048506793048644,57.67441814390508,"kr3013231"
"Chang-min Mo 모창민","Dinos (KBO)",35,149,0.05369128,0.14765101,0.36363636,0.30147059,0.34013605,0.44852941,0.78866546,0.14705882,2.5816869553571427,0.34210526,-0.01164948014775291,20.05162737581782,0.4908067217832019,0.35063541629543044,102.50913154649251,"kr3013237"
"Ji-hwan Oh 오지환","Twins (KBO)",30,591,0.07614213,0.1962775,0.38793103,0.29981025,0.36177474,0.46110057,0.82287531,0.16129032,6.986155912938576,0.36453202,0.24823853076668456,89.45819839559087,11.871319157104583,0.370649629067152,115.30067876633439,"kr3013245"
"Ju-hyeon Jung 정주현","Twins (KBO)",29,371,0.07816712,0.16981132,0.46031746,0.24695122,0.3121547,0.33841463,0.65056933,0.09146341,5.646118472801708,0.29277567,-1.8698520728503354,35.21703703163745,-13.488093590153433,0.30337925988007647,72.30662680099907,"kr3013251"
"Eun-seong Chae 채은성","Twins (KBO)",30,464,0.06896552,0.1487069,0.46376812,0.29326923,0.3512931,0.45192308,0.80321618,0.15865385,2.9181096893157816,0.31563422,-1.4304175600409508,66.48277215909447,5.568538712973255,0.3610128738452755,109.14160516835302,"kr3013253"
"Kun-woo Park 박건우","Bears (KBO)",29,551,0.07622505,0.11796733,0.64615385,0.30390144,0.36861314,0.47227926,0.8408924,0.16837782,4.741747854640474,0.32289157,0.6261958848917857,86.56891319709824,14.233260979829298,0.3774965248265109,119.6766885257051,"kr3013255"
"Soo-bin Jung 정수빈","Bears (KBO)",29,559,0.09838998,0.10017889,0.98214286,0.29795918,0.36775362,0.39591837,0.76367199,0.09795919,6.3786054657479125,0.32488479,0.1677893615560606,75.55531612222164,2.169418500709226,0.35133488625559434,102.95617900853105,"kr3013258"
"Hae-seong Kook 국해성","Bears (KBO)",30,94,0.06382979,0.22340426,0.28571429,0.23255814,0.28723404,0.34883721,0.63607125,0.11627907,2.727520080547845,0.26984127,-0.2695942674181424,7.244987735132545,-5.095395764728219,0.2821047325497088,58.7095833384294,"kr3013261"
"Young-suk Jang 장영석","Tigers (KBO)",30,37,0.10810811,0.18918919,0.57142857,0.12903226,0.24324324,0.12903226,0.3722755,0,0.299107142857143,0.16,-0.002995580609422177,0.36126647277494284,-4.496118521851102,0.20188214488931605,7.437468373921956,"kr3013265"
"Dong-won Park 박동원","Heroes (KBO)",30,372,0.10215054,0.1827957,0.55882353,0.25,0.33783784,0.43209877,0.76993661,0.18209877,1.445427205357143,0.2804878,-0.02995580609422177,49.834717533140065,0.9983062358187429,0.349907939498489,102.0441842659997,"kr3013271"
"Ji-young Lee 이지영","Heroes (KBO)",34,289,0.06574394,0.09688581,0.67857143,0.30916031,0.36363636,0.36259542,0.72623178,0.05343511,2.814243085734991,0.34468085,-0.29289322771364823,36.1472302140113,-1.792885014284028,0.33931569362941544,95.2744344515145,"kr3013276"
"Chi-hong An 안치홍","Giants (KBO)",29,460,0.07608696,0.10217391,0.74468085,0.28640777,0.35087719,0.41262136,0.76349855,0.12621359,4.043299340547202,0.30640669,1.1715795324416831,61.18698756886745,0.7978768248679656,0.34877676795757817,101.32122631884796,"kr3013286"
"Hea-sung Kim 김회성","Eagles (KBO)",34,25,0.12,0.24,0.5,0.16666667,0.30434783,0.22222222,0.52657005,0.05555555,0.559523830357143,0.23076923,-0.0019970537396147847,1.6212956932639206,-1.6607211949969207,0.2675375679264898,49.399370827828186,"kr3013293"
"Bo-keun Jeong 정보근","Giants (KBO)",20,152,0.07236842,0.21052632,0.34375,0.15037594,0.21917808,0.16541353,0.38459161,0.01503759,1.332373267857143,0.19607843,-0.009985268698073924,0.4273545591227268,-19.52730812150319,0.19359604136584557,2.1416275782884946,"kr3014210"
"Woo-hyun Yang 양우현","Lions (KBO)",20,24,0.04166667,0.20833333,0.2,0.13043478,0.16666667,0.13043478,0.29710145,0,0.142857142857143,0.16666667,-0.0013313691597431898,-0.8671540195426455,-4.017890232273054,0.14718261857827505,-27.522266574997573,"kr3014212"
"Hyeon-woo Kang 강현우","Wiz (KBO)",19,32,0.0625,0.34375,0.18181818,0.2,0.25,0.36666667,0.61666667,0.16666667,0.41071426785714293,0.27777778,-0.0016642114496789873,2.330878218246837,-1.8701033987270401,0.2770580518990755,55.4841327757548,"kr3014272"
"Gweon-su An 안권수","Bears (KBO)",27,41,0.04878049,0.12195122,0.4,0.27027027,0.3,0.27027027,0.57027027,0,5.455335758799664,0.3030303,-0.06659868382848799,2.7280530826235956,-2.6544546141241843,0.26954705715179444,50.68368196244179,"kr3014276"
"Ji-chan Kim 김지찬","Lions (KBO)",19,287,0.08362369,0.1533101,0.54545455,0.23228346,0.30141844,0.27165354,0.57307198,0.03937008,7.255377520780555,0.27488152,2.323620034730993,20.621523029207257,-17.056030848027202,0.2758805853255252,54.731586600337124,"kr3014279"
"Ji-hoon Choi 최지훈","Wyverns (KBO)",22,520,0.07307692,0.15384615,0.475,0.25751073,0.31835938,0.32618026,0.64453964,0.06866953,6.405426656380959,0.30670103,0.7784403237747028,49.04030694795223,-19.22564432787327,0.30264468025416136,71.83713993789829,"kr3014282"
"Jeong-won Choi 최정원","Dinos (KBO)",20,48,0.14583333,0.27083333,0.53846154,0.275,0.38297872,0.4,0.78297872,0.125,9.409008870755306,0.40740741,0.7953402198618278,7.06456719198837,0.7630947665275549,0.36565701758607905,112.10978506300057,"kr3014290"
"Kyu-sung Kim 김규성","Tigers (KBO)",23,182,0.07142857,0.21978022,0.325,0.17834395,0.24561404,0.2611465,0.50676054,0.08280255,5.4710814876913885,0.21929825,-0.07458689878694713,7.674379449486883,-16.218703497052044,0.24050099459307933,32.119670226979096,"kr3014306"
"Sang-kwon Byeon 변상권","Heroes (KBO)",23,65,0.01538462,0.30769231,0.05,0.26984127,0.27692308,0.3968254,0.67374848,0.12698413,1.723739517857143,0.37209302,-0.0039941074792295694,5.915348871148764,-2.617895038329424,0.29870816377493054,69.32122102566842,"kr3014307"
"Tae-hyeong Noh 노태형","Eagles (KBO)",25,113,0.0619469,0.27433628,0.22580645,0.21568627,0.28571429,0.2745098,0.56022409,0.05882353,4.871256179691361,0.30985915,-0.47159132413798943,7.43349425212877,-7.401222082810233,0.2686475286526339,50.10877245169336,"kr3014310"
"Han-min Jo 조한민","Eagles (KBO)",19,52,0,0.42307692,0,0.22,0.25,0.3,0.55,0.08,2.642857142857143,0.39285714,-0.002995580609422177,2.775730897624805,-4.050864229957745,0.25386442244052887,40.660546667101876,"kr3014314"
"Seong Ho Cheon 천성호","Wiz (KBO)",22,77,0.09090909,0.19480519,0.46666667,0.20289855,0.28571429,0.24637681,0.5320911,0.04347826,3.633351827183776,0.25925926,-0.2689285828382708,4.547488905983843,-5.561123109859548,0.26063265970775057,44.98628396120545,"kr3014323"
"Chan Yeol Yang 양찬열","Bears (KBO)",23,26,0.11538462,0.07692308,1.5,0.22727273,0.34615385,0.22727273,0.57342658,0,2.642857142857143,0.25,-0.002995580609422177,2.272133635959937,-1.141163927831338,0.2943989657438718,66.56711269662041,"kr3014326"
"Min-seok Kwon 권민석","Bears (KBO)",21,57,0.05263158,0.26315789,0.2,0.26,0.29090909,0.3,0.59090909,0.04,4.532113294103742,0.35135135,0.19534021092113107,3.970288131949215,-3.5127103732855036,0.27326115694912995,53.05744921867627,"kr3014327"
"In Ho Choi 최인호","Eagles (KBO)",20,135,0.02962963,0.25185185,0.11764706,0.23622047,0.26119403,0.23622047,0.4974145,0,0.9884453928571431,0.31578947,-0.01164948014775291,5.188531845915796,-12.534359350692748,0.23605147182051814,29.2758771035545,"kr3014330"
"Jung Hyun Park 박정현","Eagles (KBO)",18,64,0.046875,0.265625,0.17647059,0.27868852,0.3125,0.37704918,0.68954918,0.09836066,1.162593955357143,0.37209302,-0.005325476638972759,6.724387702846018,-1.6775755311017362,0.3154691085219383,80.03352925512019,"kr3014331"
"Ho-eun Kim 김호은","Twins (KBO)",28,112,0.0625,0.125,0.5,0.24271845,0.30357143,0.34951456,0.65308599,0.10679611,1.601190455357143,0.26436782,-0.008986741828266531,10.609520766915198,-4.0939148924933715,0.3031447503183569,72.15674630525064,"kr3014335"
"Su-hwan Kim 김수환","Heroes (KBO)",22,12,0.08333333,0.41666667,0.2,0.18181818,0.25,0.27272727,0.52272727,0.09090909,1.601190455357143,0.33333333,-0.0006656845798715949,0.5686302253789632,-1.0067378809862406,0.24672107895215353,36.095070293821394,"kr3014337"
"Geo Yeon Lee 이거연","Wyverns (KBO)",23,10,0.2,0.6,0.33333333,0.125,0.3,0.125,0.425,0,1.601190455357143,0.5,-0.0009985268698073924,0.43287884715012426,-0.8799279081542123,0.24183699488639832,32.97353897678366,"kr3014343"
"Jae-won Lee 이재원","Twins (KBO)",20,22,0.09090909,0.5,0.18181818,0.05,0.13636364,0.05,0.18636364,0,1.601190455357143,0.11111111,-0.0009985268698073924,-1.48261263742276,-4.370787499092301,0.10992590676654469,-51.33389453316271,"kr3014346"
"Jong Pyo Hong 홍종표","Tigers (KBO)",20,88,0.04545455,0.14772727,0.30769231,0.25,0.28235294,0.2875,0.56985294,0.0375,2.30008347272308,0.29411765,-0.9321988527080975,5.6163762969675,-5.936323149710661,0.26631073320613186,48.615272325659106,"kr3014355"
"Ju Hong Park 박주홍","Heroes (KBO)",19,25,0.04,0.4,0.1,0.25,0.28,0.33333333,0.61333333,0.08333333,1.5971914124998496,0.42857143,-0.4642687937594019,1.9123433590191135,-1.369673529241728,0.2814127516746521,58.2673223242454,"kr3014359"
"Jong Chan Lim 임종찬","Eagles (KBO)",18,119,0.07563025,0.31932773,0.23684211,0.23148148,0.29661017,0.30555556,0.60216573,0.07407408,0.8075123088100612,0.34782609,-0.472257008717861,9.419439613784085,-6.202960774337519,0.2845844762810206,60.29444502616958,"kr3014361"
"Gi-hun Jeong 정기훈","Eagles (KBO)",25,36,0.08333333,0.41666667,0.2,0.16129032,0.27777778,0.22580645,0.50358423,0.06451613,3.9580296089453135,0.3125,-0.4652673206292093,1.9255979677995967,-2.800506351296015,0.25399479932255214,40.74387355393965,"kr3014364"
"Daniel Palka 팔카","Lions (KBO)",28,217,0.08294931,0.26728111,0.31034483,0.20918367,0.2718894,0.36734694,0.63923634,0.15816327,2.6431972473665555,0.2481203,0.3853549452032894,17.963837074624596,-10.524069515479507,0.2889080866141253,63.05776459146607,"kr3014377"
"Seong Min Kim 김성민","Wyverns (KBO)",19,16,0.0625,0.1875,0.33333333,0.28571429,0.375,0.71428571,1.08928571,0.42857142,2.642857142857143,0.22222222,-0.0013313691597431898,3.661650051288506,1.5611592428015677,0.4629993811249733,174.32354554915327,"kr3014379"
"Hun Gon Kim 김헌곤","Lions (KBO)",31,283,0.07773852,0.10954064,0.70967742,0.2480315,0.31205674,0.31496063,0.62701737,0.06692913,3.3159407641792584,0.2690583,-0.9386517470120452,25.022197554727498,-12.130233620385226,0.29562405343596815,67.35009463253942,"sa3011906"
"Bon Ki Shin 신본기","Giants (KBO)",31,123,0.11382114,0.17886179,0.63636364,0.21698113,0.31147541,0.28301887,0.59449428,0.06603774,4.160859587720891,0.25301205,0.18835052283247933,10.05888657842985,-6.088636511813491,0.2877125686309377,62.29368134180054,"sa3011910"
"Woo-Hyun Song 송우현","Heroes (KBO)",23,15,0.13333333,0.26666667,0.5,0,0.2,0,0.2,0,2.642857142857143,0,-0.0009985268698073924,-0.4952425787495284,-2.4644527117060333,0.1508954644203186,-25.149300750651125,"sa3011923"
"Byeong-woo Jeon 전병우","Heroes (KBO)",27,401,0.09226933,0.24937656,0.37,0.23743017,0.31077694,0.3575419,0.66831884,0.12011173,5.7682680348992195,0.30555556,1.366715791868046,40.098177753097424,-12.54537313460647,0.3094228287986048,76.16921175897211,"sa3011926"
"Joo-Hyung Kim 김주형","Heroes (KBO)",24,50,0.08,0.2,0.4,0.23255814,0.32653061,0.37209302,0.69862363,0.13953488,3.629384878631564,0.28125,-0.46659868978895247,5.698901247942921,-0.8651325285787616,0.32608768648030806,86.82010851813135,"sa3011932"
"Taekyun Kim 김태균","Eagles (KBO)",38,254,0.11811024,0.16535433,0.71428571,0.21917808,0.31620553,0.29680365,0.61300918,0.07762557,0.504699267857143,0.25988701,-0.021301906555891037,21.14172061143022,-12.20357097329993,0.28944734382629395,63.40241637326594,"sa3011978"
"Yong Taik Park 박용택","Twins (KBO)",41,236,0.06355932,0.1440678,0.44117647,0.29953917,0.33898305,0.39631336,0.73529641,0.09677419,2.958921459150501,0.34054054,0.37936378398444504,28.357718272454257,-2.6245211527280885,0.33345534446391656,91.52894948389407,"sa3011983"
"Taek-Keun Lee 이택근","Heroes (KBO)",39,64,0.109375,0.328125,0.33333333,0.19298246,0.28125,0.28070175,0.56195175,0.08771929,1.253968267857143,0.30555556,-0.004326949769165367,4.233775716331381,-4.1681875176163725,0.26908804196864367,50.39031472102855,"sa3012005"
"Yongkyu Lee 이용규","Eagles (KBO)",34,487,0.1211499,0.07392197,1.63888889,0.28639618,0.3814433,0.33651551,0.71795881,0.05011933,4.766819658038924,0.31070496,-0.3567541125230491,63.414686121389046,-0.5190028619321515,0.3454393684249563,99.18821693197222,"sa3012015"
"Jaeho Kim 김재호","Bears (KBO)",35,458,0.09825328,0.09825328,1,0.28855721,0.36184211,0.34577114,0.70761325,0.05721393,3.6343283051500848,0.31666667,0.2261958789313212,55.15661804697383,-4.969931345964778,0.3337765117267986,91.73421492478253,"sa3012016"
"Sok Min Park 박석민","Dinos (KBO)",35,448,0.16741071,0.13839286,1.20967742,0.30617978,0.43595506,0.46629213,0.90224719,0.16011235,1.2795111084648907,0.33450704,-0.5168578755692579,84.57592439227199,25.7621817546377,0.4152455990524378,143.8029967134803,"sa3012020"
"Minho Kang 강민호","Lions (KBO)",34,393,0.07888041,0.13740458,0.57407407,0.28732394,0.34860051,0.48732394,0.83592445,0.2,0.998120330357143,0.29122807,-0.03394991357345134,59.648689994635816,8.055384511175399,0.3711386696456948,115.61323593379329,"sa3012023"
"Jeong Choi 최정","Wyverns (KBO)",33,553,0.13562387,0.17721519,0.76530612,0.2699115,0.39240506,0.53761062,0.93001568,0.26769912,3.2826426260361368,0.27217125,-0.24140133772743866,103.09009744536613,30.49188387703631,0.4124259185315906,142.00087354537615,"sa3012034"
"Euiji Yang 양의지","Dinos (KBO)",33,528,0.08712121,0.08901515,0.9787234,0.32754881,0.40037951,0.60303688,1.00341639,0.27548807,3.372487477696254,0.30490956,-0.17313844244927168,108.2706311386091,38.95443445854015,0.434639628804647,156.1981705925608,"sa3012037"
"Byung-hun Min 민병헌","Giants (KBO)",33,342,0.06140351,0.18128655,0.33870968,0.23300971,0.29080119,0.29126214,0.58206333,0.05825243,4.761685400522541,0.28340081,-0.3406487918109633,24.092918379117915,-20.805072652290395,0.27420622163585257,53.6614619622151,"sa3012038"
"Jaewon Oh 오재원","Bears (KBO)",35,174,0.09195402,0.2816092,0.32653061,0.23225806,0.30057803,0.38709677,0.6876748,0.15483871,6.8148946792734915,0.30097087,0.13660085125593469,17.77793436068018,-5.064903181615276,0.3120169450092867,77.82717154890597,"sa3012047"
"Ah-seop Son 손아섭","Giants (KBO)",32,611,0.09983633,0.09165303,1.08928571,0.35185185,0.4147541,0.49259259,0.90734669,0.14074074,3.530337452091652,0.37291667,0.9350957683636807,112.16080171248761,31.94830896339265,0.4090286374288817,139.82959245927827,"sa3012050"
"Taegun Kim 김태군","Dinos (KBO)",30,131,0.04580153,0.10687023,0.42857143,0.2920354,0.34677419,0.37168142,0.71845561,0.07964602,1.984962392857143,0.32323232,-0.011982322437688708,15.84169977009732,-1.3560687243894893,0.3343720801414982,92.1148565011547,"sa3012057"
"Geonchang Seo 서건창","Heroes (KBO)",30,595,0.15294118,0.09747899,1.56896552,0.2768595,0.38983051,0.38636364,0.77619415,0.10950414,5.794456197599627,0.29930394,0.11038137105060741,86.61365453572448,8.501652595116457,0.3637389852357032,110.88392613670383,"sa3012058"
"Junwoo Jeon 전준우","Giants (KBO)",34,628,0.08280255,0.12579618,0.65822785,0.27935943,0.3472,0.48220641,0.82940641,0.20284698,3.2588864038789573,0.28478261,-1.3649462938774377,95.24743092515125,12.80316669203891,0.37100762367248535,115.529481415272,"sa3012061"
"Kyoung-min Hur 허경민","Bears (KBO)",29,487,0.07186858,0.05749487,1.25,0.33180778,0.3822314,0.4416476,0.823879,0.10983982,4.768109365868374,0.33740831,0.17444620735477656,75.20300418575289,11.269315202431702,0.37428881691699206,117.62656806081,"sa3012064"
"Sang-soo Kim 김상수","Lions (KBO)",30,471,0.11677282,0.11677282,1,0.30445545,0.39658849,0.4009901,0.79757859,0.09653465,5.393945071684979,0.34104046,0.5592643587733619,72.25790096072453,10.424702785890277,0.3730884636314506,116.85939445735005,"sa3012065"
"Tae-Hyeok Nam 남태혁","Wyverns (KBO)",29,72,0.08333333,0.30555556,0.27272727,0.1969697,0.26388889,0.25757576,0.52146465,0.06060606,0.21230158035714297,0.27906977,-0.005658318928908557,3.6026862631731946,-5.8495223750180285,0.2498811673786905,38.11475604354207,"sa501191"
"Hak-Ju Lee 이학주","Lions (KBO)",29,243,0.10699588,0.23868313,0.44827586,0.22705314,0.3125,0.33816425,0.65066425,0.11111111,4.385955481092381,0.28666667,0.2551531581557356,22.73211197875327,-9.16909217514211,0.3017382968419765,71.25784929337067,"sa502536"
"Mel Rojas Jr. 로하스","Wiz (KBO)",30,628,0.10350318,0.21019108,0.49242424,0.34909091,0.41719745,0.68,1.09719745,0.33090909,2.2024875039867835,0.38258575,-0.5191877715988085,147.2575481250145,64.81328389190216,0.4697134571320364,178.61466712668047,"sa548194"
"Dong-Yub Kim 김동엽","Lions (KBO)",29,451,0.06430155,0.1751663,0.36708861,0.31234867,0.36,0.50363196,0.86363196,0.19128329,2.4709003744067406,0.3427673,-1.0913579189800657,73.55368417845435,14.346099514228774,0.3846211034721798,124.23017185312911,"sa598813"
"Roberto Ramos 라모스","Twins (KBO)",25,494,0.11133603,0.27530364,0.40441176,0.27842227,0.36234818,0.59164733,0.95399551,0.31322506,3.361214139128701,0.31417625,0.3610574580379762,91.13066667480493,26.2780129627707,0.4101081980518037,140.51956467263958,"sa829199"
"Ho-young Son 손호영","Twins (KBO)",25,62,0.03225806,0.19354839,0.16666667,0.36666667,0.38709677,0.43333333,0.8204301,0.06666666,7.5,0.45833333,1.9933431840036064,9.706267529956113,1.5668656470692262,0.3768295011212749,119.25037821714596,"sa830429"